-- MySQL dump 10.13  Distrib 5.7.17, for Win64 (x86_64)
--
-- Host: localhost    Database: webdb
-- ------------------------------------------------------
-- Server version	5.7.30

/*!40101 SET @OLD_CHARACTER_SET_CLIENT=@@CHARACTER_SET_CLIENT */;
/*!40101 SET @OLD_CHARACTER_SET_RESULTS=@@CHARACTER_SET_RESULTS */;
/*!40101 SET @OLD_COLLATION_CONNECTION=@@COLLATION_CONNECTION */;
/*!40101 SET NAMES utf8 */;
/*!40103 SET @OLD_TIME_ZONE=@@TIME_ZONE */;
/*!40103 SET TIME_ZONE='+00:00' */;
/*!40014 SET @OLD_UNIQUE_CHECKS=@@UNIQUE_CHECKS, UNIQUE_CHECKS=0 */;
/*!40014 SET @OLD_FOREIGN_KEY_CHECKS=@@FOREIGN_KEY_CHECKS, FOREIGN_KEY_CHECKS=0 */;
/*!40101 SET @OLD_SQL_MODE=@@SQL_MODE, SQL_MODE='NO_AUTO_VALUE_ON_ZERO' */;
/*!40111 SET @OLD_SQL_NOTES=@@SQL_NOTES, SQL_NOTES=0 */;

--
-- Table structure for table `address`
--

DROP TABLE IF EXISTS `address`;
/*!40101 SET @saved_cs_client     = @@character_set_client */;
/*!40101 SET character_set_client = utf8 */;
CREATE TABLE `address` (
  `mem_phone` char(11) NOT NULL,
  `mem_address` varchar(100) NOT NULL,
  `address_tag` varchar(45) NOT NULL,
  PRIMARY KEY (`mem_phone`,`mem_address`),
  CONSTRAINT `address_mem_fk` FOREIGN KEY (`mem_phone`) REFERENCES `members` (`mem_phone`) ON DELETE CASCADE ON UPDATE CASCADE
) ENGINE=InnoDB DEFAULT CHARSET=utf8;
/*!40101 SET character_set_client = @saved_cs_client */;

--
-- Dumping data for table `address`
--

LOCK TABLES `address` WRITE;
/*!40000 ALTER TABLE `address` DISABLE KEYS */;
INSERT INTO `address` VALUES ('16600001111','其他','其他');
/*!40000 ALTER TABLE `address` ENABLE KEYS */;
UNLOCK TABLES;

--
-- Table structure for table `goods`
--

DROP TABLE IF EXISTS `goods`;
/*!40101 SET @saved_cs_client     = @@character_set_client */;
/*!40101 SET character_set_client = utf8 */;
CREATE TABLE `goods` (
  `goods_id` int(11) NOT NULL AUTO_INCREMENT,
  `goods_name` varchar(100) NOT NULL,
  `goods_price` decimal(10,1) NOT NULL,
  `goods_detail` varchar(5000) DEFAULT NULL,
  `goods_img_path` varchar(1000) DEFAULT NULL,
  `goods_tag` varchar(60) NOT NULL,
  PRIMARY KEY (`goods_id`),
  KEY `tag_fk_idx` (`goods_tag`),
  CONSTRAINT `goods_fk` FOREIGN KEY (`goods_id`) REFERENCES `sell_goods` (`sell_goods_id`) ON DELETE CASCADE ON UPDATE CASCADE,
  CONSTRAINT `tag_fk` FOREIGN KEY (`goods_tag`) REFERENCES `goods_tag` (`tag`) ON DELETE NO ACTION ON UPDATE NO ACTION
) ENGINE=InnoDB AUTO_INCREMENT=10012051 DEFAULT CHARSET=utf8;
/*!40101 SET character_set_client = @saved_cs_client */;

--
-- Dumping data for table `goods`
--

LOCK TABLES `goods` WRITE;
/*!40000 ALTER TABLE `goods` DISABLE KEYS */;
INSERT INTO `goods` VALUES (10000000,'Julies/茱蒂丝花生酱三明治夹心饼干135g*4袋 马来西亚进口零食',9.9,'厂名：栢发食品（马）有限公司厂址：马来西亚厂家联系方式：021-62840320配料表：小麦粉、花生酱、乳酪粉、脱脂奶粉、植物油、白砂糖、食盐、玉米淀粉储藏方法：置阴凉干燥处存放，避免阳光直保质期：450 天','/content/image/16600001111/10000000/01.jpg','饼干'),(10000001,'【三只松鼠_开口甘栗120g】零食坚果河北特产即食带壳板栗子能栗',31.6,'储藏方法：请置于阴凉干燥处，开袋后冰箱保存保质期：540 天食品添加剂：详情见包装品牌: Three Squirrels/三只松鼠系列: 满减开口甘栗包装种类: 袋装产地: 中国大陆省份: 天津包装方式:\r\n包装食品口味: 120gx1袋净含量: 120g','/content/image/16600001111/10000001/01.jpg','坚果果干'),(10000002,'【中粮官方】美滋滋坚果炒货 干果零食 无漂白原味开心果188g*2',159.8,'储藏方法：请置于阴凉干燥处 避免阳光直接照射保质期：360 天净含量: 376g包装方式: 包装包装种类: 罐装品牌: Merveille/美滋滋系列: 美滋滋美国开心果188g*2罐组合商品条形码:\nQJ7949909660033是否含糖: 含糖产地: 中国大陆省份: 山东省','/content/image/16600001111/10000002/01.jpg','坚果果干'),(10000003,'【百草味-玫瑰红葡萄干200gx2袋】提子干新疆特产干果零食',18.9,'厂址：浙江省杭州市萧山临江高新技术产业开发区纬七路1999号厂家联系方式：4008810118配料表：见包装储藏方法：阴凉通风、干燥处保存保质期：270 天食品添加剂：无品牌: BE＆CHEERY/百草味系列: 玫瑰红葡萄干200gx2套装颜色分类: 红色产地: 中国大陆省份: 浙江省包装方式:\n包装是否有核: 无核特产品类: 吐鲁番葡萄干食品口味: 200gx2袋净含量: 400g','/content/image/16600001111/10000003/01.jpg','坚果果干'),(10000004,'夹心米果棒能量酥饼干散装多口味网红小零食小吃充饥夜宵休闲食品',8.9,'生产许可证编号：SC11241092800281\r\n厂名：河南省凯利来食品有限公司\r\n厂址：濮阳县产业集聚区铁丘路与工业路交叉口东北角厂家联系方式：0593-3506666\r\n储藏方法：详见包装\r\n保质期：270 天\r\n食品添加剂：详见包装\r\n品牌: 比比赞','/content/image/16600001111/10000004/01.jpg','粗粮'),(10000005,'奥地利进口巧克力 德芙巧丝威化夹心巧克力棒900g 散装喜糖果零食',59.0,'厂名：玛氏食品（中国）有限公司厂址：北京市怀柔区雁栖经济开发区厂家联系方式：400-680-6611配料表：白砂糖, 小麦粉,可可液块, 可可脂, 脱脂乳粉,乳脂肪,乳糖,精炼食用植物油,食品添加剂 ( 乳化剂 ( 大豆磷脂 )), 食用香料。可可脂含量不低于\n17%%20。可能含有微量麸质和坚果储藏方法：请置放于清凉、干燥、清洁地方、避免阳光直接照射保质期：475\n天食品添加剂：乳化剂，大豆磷脂，聚甘油蓖麻醇酯品牌: Dove/德芙系列: 巧丝威化夹心巧克力形状: 巧克力棒巧克力品类: 夹心巧克力巧克力价格:\n100-200元净含量: 810g包装种类: 盒装颜色分类: 【巧丝72支】 ZS【巧丝72支】产地: 奥地利是否含糖: 含糖是否为有机食品:\n否包装方式: 包装是否含有代可可脂: 否巧克力制作工艺: 非手工食品口味: 【巧丝72支】A','/content/image/16600001111/10000005/01.jpg','糕点'),(10000006,'盐津铺子 零食大礼包青豆蚕豆瓜子仁炒货坚果豆类组合大礼包1136g',69.0,'生产许可证编号：SC10443018100138产品标准号：QB/T 22165厂名：盐津铺子食品股份有限公司厂址：湖南浏阳生物医药工业园厂家联系方式：0731-84659315配料表：青豌豆、花生、瓜子仁、蚕豆、食用油、食用盐、白砂糖等储藏方法：置于阴凉通风处保质期：270\n天食品添加剂：食用香精香料、二氧化硅、谷氨酸钠、香辛料、安塞蜜、阿斯巴甜、六偏磷酸钠等品牌: 盐津铺子系列: 豆类制品包装种类: 袋装产地:\n中国大陆省份: 湖南省城市: 长沙市豆类品种: 其他/other包装方式: 包装食品口味: 948g炒货组合净含量: 948g','/content/image/16600001111/10000006/01.jpg','粗粮'),(10000007,'盼盼食品法式小面包奶香味 营养早餐面包糕点心500g 休闲零食',9.9,'生产许可证编号：QS3411 2401 0829厂名：安徽盼盼食品有限公司厂址：安徽省滁州市经济技术开发区城东工业园长江西路365号厂家联系方式：15659078686配料表：详见包装储藏方法：常温下保存，避免阳光直射保质期：180\n天食品添加剂：详见包装品牌: 盼盼系列: 法式小面包奶香味500g糕点种类: 面包面包类型: 其他/other产地: 中国大陆省份: 福建省包装方式:\n散装口味: 法式小面包500g净含量: 500g','/content/image/16600001111/10000007/01.jpg','糕点'),(10000008,'浏乡青豆豌豆小包装零食批发炒货散称500g混合口味蒜香豌豆原味',11.0,'生产许可证编号：SC11843018105267厂名：湖南飘香食品有限公司厂址：湖南省长沙市浏阳市两型产业园厂家联系方式：0731-89916129配料表：青豌豆、食用植物油、食用盐、白砂糖、等储藏方法：置于阴凉、干燥处保质期：300 天食品添加剂：详见包装产品名称：浏乡 青豆散装500g品牌: 浏乡系列: 青豆散装500g包装种类: 袋装产地: 中国大陆省份: 湖南省城市:\n长沙市豆类品种: 青豆包装方式: 包装食品口味: 原味500g 蒜香味500g 香辣味500g 牛肉味500g 混合口味500g 原味500g！\n蒜香味500g1 香辣味500g1 牛肉味500g1 混合口味500g!净含量: 500g','/content/image/16600001111/10000008/01.jpg','豆类'),(10000009,'天喔 香脆小米锅巴85gx8袋680g香脆麻辣味锅巴特产零食膨化食品',39.0,'生产许可证编号：SC11731011701838厂名：天喔食品(集团)有限公司厂址：上海市松江区泗泾工业区九干路159弄6号厂家联系方式：61923333配料表：详见包装储藏方法：置于阴凉干燥处，避免高温、潮湿及阳光直射。保质期：300 天食品添加剂：常规品牌: Ten Wow/天喔系列: 小米锅巴*8膨化食品种类: 锅巴产地: 中国大陆省份: 上海包装方式: 包装是否为有机食品:\n否口味: 麻辣味商品条形码: TM161010165947610净含量: 680g','/content/image/16600001111/10000009/01.jpg','膨化食品'),(10000010,'糖村草莓牛轧糖210g 专柜进口 手工糖果 热卖零食 台湾进口',135.0,'厂名：笠豐貿易有限公司厂址：台灣臺中市西屯區長安路一段108號厂家联系方式：020-28071828保质期：90 天品牌: 糖村系列: 草莓牛轧糖210g.口味: 草莓牛轧糖210g包装种类: 盒装产地: 港澳台港澳台: 台湾省商品条形码:\n4715142437381包装方式: 包装产品: 牛轧糖 Nougat净含量: 210g','/content/image/16600001111/10000010/01.jpg','糕点'),(10000011,'新品【百草味-凤梨饼300g】糕点小吃凤梨酥特产 办公室零食小包装',33.0,'生产许可证编号：SC12432012400284产品标准号：GB/T 20977厂名：含羞草(江苏)食品有限公司厂址：南京市溧水经济开发区溧星路97号厂家联系方式：400-881-0118配料表：见包装储藏方法：密封，阴凉干燥处保存保质期：90\n天食品添加剂：见包装品牌: BE＆CHEERY/百草味系列: 【百草味】凤梨饼300g产地: 中国大陆省份: 江苏省城市: 南京市包装方式: 包装口味:\n300g净含量: 300g','/content/image/16600001111/10000011/01.jpg','糕点'),(10000012,'【聚】甘源牌蚕豆瓜子仁兰花豆炒米1140g 坚果休闲零食炒货独立',22.9,'生产许可证编号：SC11836030310026产品标准号：GB 19300厂名：甘源食品股份有限公司厂址：江西省萍乡市萍乡经济技术开发区清泉生物医药食品工业园厂家联系方式：400-636-6060配料表：葵花籽仁、蚕豆、豌豆、小麦粉、糯米粉、淀粉等储藏方法：低温干燥通风储藏保质期：240\n天食品添加剂：碳酸氢铵，碳酸氢钠，5’- 呈味核苷酸二钠、特丁基对苯二酚品牌: KAM YUEN/甘源系列: 蚕豆瓜子仁兰花豆炒米包装种类: 袋装产地:\n中国大陆省份: 江西省城市: 萍乡市豆类品种: 其他/other包装方式: 包装食品口味:\n蟹黄瓜子200g+蟹黄蚕豆200g+蟹黄青豆200g+经典装40g（口味随机）\n蟹黄瓜子200g+酱汁牛肉味蚕豆200g+蟹黄青豆200g+经典装40g（口味随机）净含量: 640g','/content/image/16600001111/10000012/01.jpg','坚果果干'),(10000013,'好利源咸柠檬糖900g年货糖果批发零食大礼包结婚喜糖硬糖水果糖',19.8,'生产许可证编号：SC11844512100790厂名：广东好利源食品有限公司厂址：潮州市潮安区庵埠镇仙溪村工业区厂家联系方式：400-8383-995配料表：白砂糖、葡萄糖浆、食用盐、浓缩柠檬果汁等储藏方法：阴凉干燥处保质期：365 天品牌: Haoliyuan Food/好利源食品系列: 咸柠檬糖产地: 中国大陆省份: 广东省城市: 揭阳市产品: 喜糖包装方式: 包装包装种类:\n袋装口味: 陈皮糖 柠檬味净含量: 900g','/content/image/16600001111/10000013/01.jpg','糖果'),(10000014,'红烧排骨肉食熟食卤味下饭菜猪排骨酱排骨真空包装加热即食非冷冻',37.8,'生产许可证编号：SC10941162700116厂名：河南弘瑞食品有限公司厂址：太康县农机修造厂厂家联系方式：13673412666保质期：365 天食品添加剂：猪排骨、植物油、白砂糖等品牌: 绿之邦系列: 红烧排骨产地: 中国大陆省份: 河南省城市: 周口市口味: 红烧排骨1斤装 红烧排骨2斤装\n红烧排骨4斤装包装方式: 包装肉类产品: 其它净含量: 500g','/content/image/16600001111/10000014/01.jpg','肉制品'),(10000015,'【西域美农_红香妃葡萄干250g】 新疆特产葡萄干提子干果零食',29.0,'生产许可证编号：SC10761043100316厂名：陕西美农网络科技有限公司厂址：陕西省咸阳市武功县工业园（女皇果蔬院内）厂家联系方式：029-62323623配料表：无保质期：365 天食品添加剂：无产品名称：西域美农 红香妃葡萄干250...品牌: 西域美农系列: 红香妃葡萄干250g食品工艺: 其他/other颜色分类: 红色产地:\n中国大陆省份: 陕西省商品条形码: 6970872051193包装方式: 包装是否有核: 无核零食种类: 红香妃食品口味:\n新疆红香妃葡萄干250g净含量: 250g','/content/image/16600001111/10000015/01.jpg','坚果果干'),(10000016,'千业蒸蛋糕整箱500g 食品早餐鸡蛋糕手撕面包零食大礼包 组合批发',14.0,'生产许可证编号：SC12435054000207产品标准号：GB/T20977厂名：福建千业食品有限公司厂址：福建省泉州台商投资区张坂镇中熙产业园1号楼三层、2号楼二至五层厂家联系方式：18065259365配料表：详见主图3储藏方法：于常温阴凉干燥处贮存保质期：90 天食品添加剂：详见包装品牌: 千业系列: 蒸蛋糕500g糕点种类: 蒸蛋糕500g产地: 中国大陆省份: 福建省包装方式: 散装口味: 千业蒸蛋糕500g\n千业蒸蛋糕500g*2箱（仅23.8元） 千业蒸蛋糕500g+欧贝拉手撕面包500g装（仅21.8元）\n千业蒸蛋糕500g+欧贝拉三明治500g装（仅22.8元） 千业蒸蛋糕500g+三惠蜜方蛋糕500g装（22.8元）净含量: 500g','/content/image/16600001111/10000016/01.jpg','糕点'),(10000017,'【杞里香_新疆大红枣】 特产零食 和田大枣子玉枣500克g',78.0,'生产许可证编号：SC11464010500015产品标准号：GB/T 5835厂名：宁夏果果老爹食品有限公司厂址：宁夏银川市西夏区平吉堡奶牛场粮油加工厂院内厂家联系方式：4008700951配料表：红枣储藏方法：干燥密封保存保质期：365\n天食品添加剂：无品牌: 杞里香系列: 250g*2袋产地: 中国大陆省份: 宁夏回族自治区包装方式: 包装食品口味: 新疆红枣2袋\n新疆红枣1袋+爆款枸杞1罐净含量: 500g','/content/image/16600001111/10000017/01.jpg','坚果果干'),(10000018,'【藤桥牌】浙江温州特产鸡尖 酱香鸡翅尖 称重260g 休闲零食小吃',39.0,'生产许可证编号：SC10433030200100产品标准号：Q/WTQ 0002s厂名：藤桥禽业股份有限公司厂址：温州市藤桥镇南市东路19号厂家联系方式：0577-86487880配料表：鸡翅尖、食用盐、白砂糖、味精、酱油、料酒、香辛料、食品添加剂储藏方法：（常温保存）置于通风干燥处，避免阳光直射保质期：300\n天食品添加剂：复合磷酸盐，D-异抗坏血酸钠，茶多酚，亚硝酸钠，山梨酸钾品牌: 藤桥牌系列: 鸡翅尖散装260g包装方式: 散装肉类产品: 翅尖食品工艺:\n腌制是否含糖: 含糖产地: 中国大陆省份: 浙江省城市: 温州市口味: 酱香味净含量: 220g','/content/image/16600001111/10000018/01.jpg','肉制品'),(10000019,'五香卤味鹌鹑蛋黄蓉淘气蛋淘Q蛋10包五香味零食小吃美食卤蛋批发',29.0,'生产许可证编号：QS4102 1901 0160厂名：兰考县康发食品有限公司厂址：兰考县产业集聚区科技路南侧厂家联系方式：13949668057配料表：鹌鹑蛋、酱油、白砂糖、味精食用盐、香辛料保质期：300\n天食品添加剂：详见包装品牌: 黄蓉型号: 淘Q蛋250g蛋品种: 鹌鹑蛋包装方式: 散装产地: 中国大陆省份: 河南省城市: 开封市是否为有机食品: 否','/content/image/16600001111/10000019/01.jpg','蛋类'),(10000020,'卡夫果珍果汁粉阳光甜橙味1000g*2袋冲饮橘子粉速溶饮料冲剂批发',19.0,'厂名：亿滋食品企业管理（上海)有限公司厂址：上海市徐汇区富民路291号悟语锦世纪大楼6楼01室厂家联系方式：8008105536配料表：详情见包装保质期：540 天食品添加剂：详情见包装品牌: 菓珍系列: 阳光甜橙味1000g*2包产地: 泰国','/content/image/16600001111/10000020/01.jpg','饮料'),(10000021,'【周黑鸭旗舰店_休闲装】卤鸭锁骨115g*2袋 湖北武汉官方食品零食',26.0,'生产许可证编号：SC20142011200014厂名：湖北周黑鸭食品工业园有限公司厂址：湖北省武汉市东西湖区走马岭汇通大道8-1号厂家联系方式：4001717917保质期：180 天品牌: 周黑鸭系列: 锁骨【颗粒140g】*2袋口味: 经典麻辣味锁骨140g*2 川香藤椒味锁骨140g*2产地: 中国大陆省份: 湖北省城市:\n武汉市包装方式: 包装肉类产品: 其他/other净含量: 280g','/content/image/16600001111/10000021/01.jpg','肉制品'),(10000022,'马奇新新花生黄油味夹心饼干 532g 进口饼干特产大礼盒休闲零食品',29.0,'厂名：满奇智造上海有限公司厂址：马来西亚柔佛州峇株巴辖县中江村7英里三岔路9366地段厂家联系方式：60333447888配料表：见包装储藏方法：存放于阴凉处，避免阳光保质期：450 天食品添加剂：见包装品牌: Munchy\'s/马奇新新系列: 力士花生黄油味夹心532g热销系列: 脆饼口味: 柠檬黄油口味532G 花生黄油口味532G\n收藏加购，咨询客服【付邮得试吃一大盒饼干】产地: 马来西亚是否含糖: 含糖是否为有机食品: 否商品条形码: 9556439890152包装方式:\n包装是否进口: 进口糕点种类: 夹心饼干净含量: 532g','/content/image/16600001111/10000022/01.jpg','糕点'),(10000023,'【西域美农_坚果礼盒】零食大礼包 新疆特产干果零食1570g^@^',179.0,'生产许可证编号：QS6104 1702 6016厂名：陕西美农网络科技有限公司厂址：陕西省咸阳市武功县台资工业园(女皇果蔬院内)厂家联系方式：0991-4326967保质期：365 天品牌:\n西域美农系列: 坚果大礼包包装方式: 包装产地: 中国大陆省份: 新疆维吾尔自治区净含量: 1570g','/content/image/16600001111/10000023/01.jpg','坚果果干'),(10000024,'盼盼梅尼耶干蛋糕奶香味700g面包营养早餐饼干糕点办公室休闲零食',19.0,'生产许可证编号：SC12434110105073厂名：安徽盼盼食品有限公司厂址：滁州市经济技术开发区城东工业园长江西路365号厂家联系方式：4000585985保质期：360 天品牌: 盼盼产地: 中国大陆省份: 福建省包装方式: 包装净含量: 700g','/content/image/16600001111/10000024/01.jpg','糕点'),(10000025,'友臣散装肉松饼500g营养早餐糕点网红零食美食小吃休闲食品点心',29.0,'生产许可证编号：SC12435054000016产品标准号：GB/T 20977厂名：福建友臣实业有限公司厂址：泉州台商投资区惠南工业园区埕边1549（张坂镇玉埕村）厂家联系方式：4006568899配料表：小麦粉 肉松\n白砂糖 等储藏方法：请放阴凉干燥处保存保质期：180 天食品添加剂：山梨糖醇 脱氢乙酸钠 等品牌: 友臣系列: 肉松饼500g口味:\n500g肉松饼散装（原味） 500g肉松饼散装（葱香味） 500g肉松饼散装（香辣味） 1000g肉松饼原味（礼盒整箱） 1.25kg肉松饼原味（礼盒整箱）\n2.1kg肉松饼原味（礼盒整箱）净含量: 500g产地: 中国大陆省份: 福建省城市: 泉州市是否含糖: 含糖商品条形码:\n6958620700005包装方式: 散装糕点种类: 肉松饼','/content/image/16600001111/10000025/01.jpg','糕点'),(10000026,'盼盼梅尼耶干蛋糕160g*3盒奶香/柠檬味可选 早餐面包干休闲零食品',11.7,'生产许可证编号：SC10642098400045产品标准号：GB/T20977厂名：汉川市晋江福源食品有限公司厂址：湖北省孝感市汉川市经济技术开发区新河工业区厂家联系方式：4000585985配料表：鸡蛋，小麦粉，白砂糖，氢化棕榈仁油，全脂乳粉，精炼植物油，食用葡萄糖储藏方法：阴凉干燥处保质期：365 天食品添加剂：碳酸氢钠，复配乳化剂产品名称：盼盼 梅尼耶干蛋糕糕点种类: 酥性饼干热销系列: 其它是否含糖: 含糖产地: 中国大陆省份: 安徽省包装方式:\n包装是否为有机食品: 否是否进口: 国产品牌: 盼盼系列: 梅尼耶干蛋糕商品条形码: 6920912357716','/content/image/16600001111/10000026/01.jpg','糕点'),(10000027,'【百草味-花生牛轧糖180gx2袋】零食糖果 不粘牙独立小包装',28.0,'生产许可证编号：SC12431011601019产品标准号：SB/T10104厂名：上海香懋食品有限公司厂址：上海市金山区廊下镇万勇路75号厂家联系方式：4008810118配料表：见包装储藏方法：密封、阴凉干燥处保存保质期：180 天食品添加剂：见包装品牌: BE＆CHEERY/百草味系列: 花生牛轧糖 180g*2 套装口味: 原味 180gx2袋 原味180gx2袋 抹茶口味\n180gx2袋包装种类: 袋装产地: 中国大陆省份: 上海是否含糖: 含糖包装方式: 包装产品: 牛轧糖 Nougat','/content/image/16600001111/10000027/01.jpg','糕点'),(10000028,'【聚&甘源牌】杂锦果仁396g 每日缤纷坚果零食小吃美食品独立小包',20.0,'生产许可证编号：SC11836030310026产品标准号：Q/GY0001S厂名：甘源食品股份有限公司厂址：江西省萍乡市萍乡经济技术开发区清泉生物医药食品工业园厂家联系方式：400-636-6060配料表：葡萄干、腰果、扁桃仁、核桃仁、蔓越莓干、黑加仑葡萄干、榛子仁等储藏方法：放置于阴凉干燥处保质期：240 天品牌: KAM YUEN/甘源系列: 综合果仁套餐系列盒装400g产地: 中国大陆包装方式: 包装食品口味: 果仁C 100g+豆果B 100g\n新口味净含量: 200g','/content/image/16600001111/10000028/01.jpg','粗粮'),(10000029,'【西域美农_葡萄干旅行包400g】新疆特产葡萄干提子干果零食',23.0,'生产许可证编号：SC10761043100316厂名：陕西美农网络科技有限公司厂址：陕西省咸阳市武功县工业园（女皇果蔬院内）厂家联系方式：029-89574988配料表：葡萄干储藏方法：请置于阴凉干燥处保质期：365 天食品添加剂：无品牌: 西域美农系列: 树上黄200g袋+黑加仑200g组合食品工艺: 其他/other产地: 中国大陆省份: 陕西省包装方式:\n包装食品口味: 旅行装20gx20小包净含量: 400g','/content/image/16600001111/10000029/01.jpg','粗粮'),(10000030,'良品铺子豆腐干小包装豆干零食千页豆腐烧烤素肉休闲零食小吃麻辣',33.0,'生产许可证编号：SC10450022806116产品标准号：详情见产品外包装厂名：重庆市梁平区奇爽食品有限公司厂址：重庆市梁平工业园区厂家联系方式：400-1177-517配料表：详情见产品包装储藏方法：请置于干燥凉爽处，避免阳光直射。保质期：270 天食品添加剂：详情见产品包装品牌: 良品铺子系列: 千页豆腐口味: 麻辣味200gx1袋产地: 中国大陆省份: 重庆重量(g): 200包装方式: 包装','/content/image/16600001111/10000030/01.jpg','豆类'),(10000031,'良品铺子沙琪玛酥红枣杞子传统早餐糕点办公室美食小吃零食270g*2',23.0,'生产许可证编号：SC12444060701184产品标准号：详情见产品外包装厂名：广东原野食品有限公司厂址：广东省佛山市三水区南山镇康裕三路4号厂家联系方式：400-1177-517配料表：详情见产品包装储藏方法：请置于干燥凉爽处，避免阳光直射。保质期：300 天食品添加剂：详情见产品包装品牌: 良品铺子系列: 沙琪玛口味: 【健康新口味】木糖醇谷物沙琪玛210g 红枣杞子沙琪玛 270g净含量: 210g产地:\n中国大陆省份: 广东省城市: 佛山市是否为有机食品: 否包装方式: 包装糕点种类: 沙琪玛','/content/image/16600001111/10000031/01.jpg','糕点'),(10000032,'哎呦喂三色葡萄干新疆特产零食红紫黄吐鲁番葡萄干新货750g',29.0,'生产许可证编号：SC11765010800263厂名：新疆哎呦喂食品有限公司厂址：新疆乌鲁木齐市米东区芦草沟乡人民庄子村六组七巷6号厂家联系方式：0991-6697308配料表：吐鲁番葡萄干储藏方法：阴凉干燥处保存保质期：360 天食品添加剂：无食品添加剂品牌: 哎呦喂系列: 新疆吐鲁番葡萄干产地: 中国大陆省份: 新疆维吾尔自治区包装方式: 包装特产品类: 吐鲁番葡萄干食品口味:\n吐鲁番三色750g净含量: 750g','/content/image/16600001111/10000032/01.jpg','坚果果干'),(10000033,'【百草味-鸡蛋干200gx2袋山椒/卤香味】零食特产素食卤味干子',19.0,'生产许可证编号：SC11765010800263厂名：新疆哎呦喂食品有限公司厂址：新疆乌鲁木齐市米东区芦草沟乡人民庄子村六组七巷6号厂家联系方式：0991-6697308配料表：吐鲁番葡萄干储藏方法：阴凉干燥处保存保质期：360 天食品添加剂：无食品添加剂品牌: 哎呦喂系列: 新疆吐鲁番葡萄干产地: 中国大陆省份: 新疆维吾尔自治区包装方式: 包装特产品类: 吐鲁番葡萄干食品口味:\n吐鲁番三色750g净含量: 750g','/content/image/16600001111/10000033/01.jpg','豆类'),(10000034,'【中粮官方】美滋滋山东大花生无添加坚果零食 原香烤花生300g*3',34.0,'生产许可证编号：SC10337108100034产品标准号：GB/T 22165厂名：山东中粮花生食品有限公司厂址：山东省威海市文登经济开发区文昌路厂家联系方式：4008-506-506保质期：300\n天食品添加剂：详情见包装净含量: 900g包装方式: 包装包装种类: 袋装品牌: Merveille/美滋滋系列: 原香烤花生300g*3商品条形码:\n6931435901218产地: 中国大陆省份: 山东省','/content/image/16600001111/10000034/01.jpg','坚果果干'),(10000035,'海客旺红烧鳗鱼罐头鱼118g*6海鲜即食速食食品鱼肉罐头鳗鱼罐头',49.0,'产地: 中国大陆省份: 广东省城市: 广州市口味: 118g红烧鳗鱼*6罐罐头种类: 鳗鱼罐头食品工艺: 鲜活水产是否为有机食品: 否重量(g): 708同城服务: 同城24小时卖家送货上门包装方式:\n包装售卖方式: 组合套餐份量: 5人份套餐周期: 1周配送频次: 1周1次鱼肉部位: 鱼中段生鲜储存温度: 15-18℃罐数: 6罐','/content/image/16600001111/10000035/01.jpg','肉制品'),(10000036,'【波力海苔芝麻夹心脆片64g礼包】海苔即食夹心脆片紫菜零食小吃',31.0,'生产许可证编号：SC10332058300815产品标准号：GB/T23596厂名：波力食品工业（昆山）有限公司厂址：江苏省苏州市昆山市玉山镇新南西路126号厂家联系方式：0512-57532658配料表：紫菜、白芝麻、香菇汁、白砂糖、食盐、生姜、麦芽糊精储藏方法：开封后直接进食，请置于阴凉干燥处密闭保存保质期：365 天品牌: 波力系列: 海苔芝麻脆礼包口味: 芝麻脆片64g产地: 中国大陆省份: 江苏省城市: 苏州市包装方式: 包装原产地: 中国大陆地区净含量:\n64g','/content/image/16600001111/10000036/01.jpg','饼干'),(10000037,'【西域美农_每日坚果仁750g】什锦混合坚果七彩果仁零食大礼包^@^',56.0,'生产许可证编号：SC10737070300455厂名：山东知味轩食品有限公司厂址：潍坊市寒亭区民主街8009号1栋B座3F/4F、2栋B座2F厂家联系方式：029-62323623配料表：无保质期：180 天食品添加剂：无品牌: 西域美农系列: 混合坚果750g产地: 中国大陆商品条形码: 6970872050318包装方式: 包装食品口味:\n每日坚果750g【礼盒装】净含量: 750g','/content/image/16600001111/10000037/01.jpg','坚果果干'),(10000038,'奇多栗米粒25g*12条*3休闲零食 日式牛排+美式火鸡味',70.0,'生产许可证编号：SC11231011700309厂名：百事食品（中国）有限公司厂址：上海市松江工业区东兴路99号厂家联系方式：8008201718配料表：马铃薯保质期：270 天食品添加剂：食用盐品牌: CHEETOS/奇多系列: 12条*25g干杯脆粟米粒美式火鸡味口味: 干杯脆：牛排12条*1+火鸡12条*1+番茄12条*1\n干杯脆：火鸡12条*1+牛排12条*2 干杯脆：火鸡12条*2+ 牛排12条*1 干杯脆：牛排*3 干杯脆：牛排12条*1+火鸡12条*1+酸辣12条*1\n干杯脆：牛排12条*1+火鸡12条*1+番茄12条1 干杯脆：火鸡12条*1+ 牛排12条2产地: 中国大陆省份: 上海包装方式: 包装净含量: 900g','/content/image/16600001111/10000038/01.jpg','膨化食品'),(10000039,'皇冠丹麦曲奇黄油饼干 进口零食早餐办公室美食点心Danisa 90g*2',23.0,'厂名：丹麦丹尼诗特色食品有限公司（Danish Speciality Foods\nApS）厂址：印度尼西亚厂家联系方式：400-1177-517配料表：详情见产品包装储藏方法：请置于阴凉干燥处保质期：540\n天食品添加剂：详情见产品包装品牌: DANISA/皇冠系列: 皇冠曲奇90g热销系列: 其它口味: 丹麦曲奇原味90g x 2盒颜色分类: 酥脆可口产地:\n印尼是否含糖: 含糖是否为有机食品: 否包装方式: 包装是否进口: 进口糕点种类: 曲奇饼干净含量: 180g','/content/image/16600001111/10000039/01.jpg','饼干'),(10000040,'盐津铺子山椒花生酸辣泡椒花生零食小吃散装下酒佐菜麻辣花生200g',32.0,'生产许可证编号：SC10443018100138厂名：盐津铺子食品股份有限公司厂址：湖南省长沙市浏阳市生物医药工业园厂家联系方式：0731-84659315配料表：花生、小米椒（小米椒、食用盐、水、冰乙酸、焦亚硫酸钠）、水、食用盐等储藏方法：置于阴凉干燥处保质期：270 天食品添加剂：食用香精、谷氨酸钠、阿斯巴甜（含苯丙氨酸）、山梨酸钾、柠檬酸等品牌: 盐津铺子系列: 6201山椒花生产地: 中国大陆省份: 湖南省城市:\n长沙市是否含糖: 含糖商品条形码: 6926104933560花生种类: 其他/other包装方式: 散装食品口味: 山椒花生净含量: 200g','/content/image/16600001111/10000040/01.jpg','坚果果干'),(10000042,'【卫龙旗舰店】拉面丸子400g香辣干脆面零食儿童休闲膨化小吃点心',31.0,'生产许可证编号：SC12541110000066产品标准号：GB/T 20977厂名：漯河卫来食品科技有限公司厂址：漯河经济技术开发区燕山路南段民营工业园厂家联系方式：03952610601配料表：小麦粉、植物油、食用香精香料、食品添加剂等储藏方法：请置于阴凉干燥处，避免阳光直射保质期：270\n天食品添加剂：白砂糖、香辛料等品牌: 卫龙系列: 拉面丸子400g口味: 拉面丸子480g（内含约20小袋，每小袋是24g）产地: 中国大陆省份:\n河南省是否含糖: 含糖商品条形码: 6930917200795包装方式: 包装膨化食品种类: 其他/other','/content/image/16600001111/10000042/01.jpg','膨化食品'),(10000043,'友梦手撕面包营养早餐食品糕点原味小面包整箱小零食点心1500g',23.0,'生产许可证编号：SC12435060600161产品标准号：GB/T20981厂名：友梦(福建)食品有限公司厂址：福建省漳州台商投资区角美镇锦宅村厂家联系方式：0596-6702266配料表：小麦粉、鲜鸡蛋、白砂糖、精炼植物油、麦芽糖浆、人造奶油、食用酵母、食用盐、食用香精、食用酒精储藏方法：避免日晒，请放置于阴凉干燥处。保质期：180 天食品添加剂：详见内包装品牌: 友梦系列: 手撕面包口味: 手撕千层面包500g 手撕千层面包336g 手撕千层面包336g【奶香味】\n手撕千层面包1000g 手撕千层面包1500g/箱产地: 中国大陆省份: 福建省是否含糖: 含糖面包类型: 小面包包装方式: 包装糕点种类: 面包净含量:\n500g','/content/image/16600001111/10000043/01.jpg','糕点'),(10000044,'【新农哥】咖啡夏威夷果仁25gx6包坚果零食特产独立小包分装',43.0,'生产许可证编号：SC11833018501054厂名：杭州勤耕食品科技有限公司厂址：浙江省杭州市临安市锦城街道横潭村戚家桥146-1号厂家联系方式：400-000-3797配料表：夏威夷果仁，白砂糖，植物油，咖啡粉（咖啡豆），食用玉米淀粉，食用盐，食品添加剂（大豆卵磷脂）保质期：180 天品牌: 新农哥系列: 咖啡夏威夷果仁包装方式: 包装包装种类: 礼盒装产地: 中国大陆省份: 浙江省城市: 杭州市净含量: 150g','/content/image/16600001111/10000044/01.jpg','坚果果干'),(10000045,'【聚&买2件减1元】甘源牌蟹黄味青豆285g 休闲小吃零食坚果特产',25.0,'生产许可证编号：SC11836030310026产品标准号：GB 19300厂名：甘源食品股份有限公司厂址：江西省萍乡市萍乡经济技术开发区清泉生物医药食品工业园厂家联系方式：400-636-6060配料表：豌豆、植物油、食用盐、食品用香精、味精等储藏方法：低温干燥通风储藏保质期：240\n天食品添加剂：碳酸氢钠，5’- 呈味核苷酸二钠，特丁基对苯二酚等品牌: KAM YUEN/甘源系列: 青豌豆系列1包装种类: 袋装产地: 中国大陆省份:\n江西省城市: 萍乡市豆类品种: 豌豆包装方式: 包装食品口味: 蟹黄口味285g（22-25小包） 蒜香口味 285g（22-25小包） 蟹黄口味\n200g（16-18小包） 烤肉味285g 原味285g（22-25小包） 芥末味 258g 蒜香味 100g（7-8小包） 原味\n100g（7-8小包）净含量: 200g','/content/image/16600001111/10000045/01.jpg','豆类'),(10000046,'良品铺子话梅味新疆南瓜子218g休闲零食小吃炒货特产食品小包装',25.0,'生产许可证编号：SC11842011202060产品标准号：GB/T 22165厂名：湖北良品铺子食品工业有限公司厂址：武汉市东西湖区走马岭革新大道8号厂家联系方式：400-1177-517配料表：精选南瓜子、食用盐、味精、玉米淀粉、话梅粉、食品添加剂（安赛蜜、阿斯巴甜（含苯丙氨酸）、甜蜜素、柠檬酸、DL-苹果酸、特丁基对苯二酚（TBHQ)）、香兰素、乙基麦芽酚、食用香精储藏方法：请放置于阴凉干燥处，避免阳光直射保质期：120\n天食品添加剂：见产品包装背面所示净含量: 218g包装方式: 包装包装种类: 袋装品牌: 良品铺子系列: 新疆南瓜子（话梅味）218g食品口味:\n话梅味道瓜子种类: 南瓜子产地: 中国大陆省份: 湖北省城市: 武汉市','/content/image/16600001111/10000046/01.jpg','坚果果干'),(10000047,'台湾进口 糖村法式牛轧糖750g 喜糖佳品 糖果零食 休闲零食',125.0,'厂名：笠豐貿易有限公司厂址：台灣臺中市西屯區長安路一段108號厂家联系方式：020-28071828保质期：90 天品牌: 糖村系列: 750g法牛喜糖散糖产地: 港澳台地区尺寸: 单糖外尺寸：10cm*3.5cm*2.5cm颜色分类: 法式牛轧糖750g商品条形码:\n4715142437398包装方式: 包装糖种类: 牛轧糖 Nougat是否有赠品: 无赠品净含量: 750g','/content/image/16600001111/10000047/01.jpg','糕点'),(10000048,'【卫龙旗舰店_辣条大礼包】大刀肉亲嘴烧小面筋辣片辣棒魔芋组合',40.0,'生产许可证编号：SC10741119100167厂名：漯河市平平食品有限责任公司厂址：漯河经济开发区燕山路南段民营工业园厂家联系方式：4001999085配料表：详见商品包装储藏方法：详见商品包装保质期：120 天食品添加剂：详见商品包装品牌: 卫龙系列: 辣条大礼包口味: 【4种辣条】吃过瘾，小面筋+亲嘴烧+大刀肉+大面筋,892g\n【7种辣条】好分享，面筋+亲嘴烧+大刀肉+辣片等,1250g 【人气组合】都是你喜欢的，礼盒装 1648g 【时刻有辣】爱吃香辣必买，礼盒装 1448g\n【大有人气】100小包吃个够，礼盒装 约1430g 【大包辣条】巨型辣条送女友，礼包装 1540g产地: 中国大陆省份: 河南省是否为有机食品:\n否重量(g): 1448包装方式: 包装豆制品种类: 其他/other','/content/image/16600001111/10000048/01.jpg','面食'),(10000049,'【波力海苔点心面20gx30包】 办公室怀旧零食干脆面 干吃方便面',37.0,'生产许可证编号：SC10332058300815产品标准号：Q/POLI 0004S厂名：波力食品工业（昆山）有限公司厂址：江苏省苏州市昆山市玉山镇新南西路126号厂家联系方式：0512-57532658配料表：小麦粉、植物油、味精、白砂糖、海苔、食用盐、酱油、白胡椒粉、鸡肉味调味粉、香葱鸡汁香精、食品添加剂（维生素E）储藏方法：开封后尽快食用\n请置干燥阴凉处，避免潮湿及阳光直射保质期：270 天食品添加剂：维生素E品牌: 波力系列: 点心面20gX30包口味: 30包点心面产地: 中国大陆省份:\n江苏省是否含糖: 含糖商品条形码: 6918598150011包装方式: 包装膨化食品种类: 其他/other净含量: 600g','/content/image/16600001111/10000049/01.jpg','膨化食品'),(10000050,'好时KISSES精选巧克力礼罐340g零食牛奶巧克力生日礼物好时之吻',180.0,'生产许可证编号：SC11331011501189厂名：金鹰国际货运代理有限公司上海第一分公司厂址：上海市浦东新区秀浦路3398弄4幢1层、5幢2号库厂家联系方式：8008209918保质期：450 天品牌: HERSHEY’S/好时系列: 缤纷罐巧克力品类: 牛奶巧克力净含量: 340g包装种类: 罐装产地: 中国大陆省份: 上海包装方式:\n包装是否含有代可可脂: 否','/content/image/16600001111/10000050/01.jpg','糖果'),(10012001,'楼兰丝路每日坚果175g 混合坚果仁组合核桃仁腰果 干果零食大礼包',119.6,'产品参数：\n\n生产许可证编号：QS3117 1801 0226产品标准号：GB/T22165厂名：上海来臻得食品有限公司厂址：上海市松江区泗陈公路3666号4号楼3楼厂家联系方式：400-1685-900配料表：核桃仁，腰果仁，巴旦木仁，榛子仁，蔓越莓干，蓝莓干储藏方法：请置于阴凉干燥处，避免阳光直射保质期：180 天食品添加剂：无品牌: 楼兰丝路系列: 美仁日记25g*7袋/盒包装方式: 包装包装种类: 礼盒装零食种类: 其他/other原产地: 其他/other产地: 中国大陆省份: 上海是否为有机食品: 否热卖时间: 3月 4月 5月净含量: 175g','/content/image/16600002222/10012001/01.jpg','坚果果干'),(10012002,'佰味葫芦安徽农家常特产锅巴980g小米锅巴整箱好吃的休闲零食品',49.9,'生产许可证编号：SC10834020305195产品标准号：GB/T20977厂名：芜湖喜源味食品有限公司厂址：安徽省芜湖市弋江区高新技术开发区综合加工区内1#厂房厂家联系方式：18110265613配料表：见包装储藏方法：常温、密封、避光贮藏保质期：365 天食品添加剂：详见包装品牌: 佰味葫芦系列: 特产锅巴产地: 中国大陆省份: 安徽省城市: 芜湖市包装方式: 包装口味: 原味净含量: 980g','/content/image/16600002222/10012002/01.jpg','膨化食品'),(10012003,'牛头牌卤牛肉112g*2袋 卤味卤汁五香牛肉干休闲零食贵州特产包邮',109.9,'生产许可证编号：SC10452273110150厂名：贵州永红食品有限公司厂址：贵州省惠水县永红绿色食品工业园厂家联系方式：800-8976188配料表：精选牛肉、食用植物油、白砂糖、食用盐、香辛料等储藏方法：请存放在阴凉通风处，避免高温、潮湿及阳光直接照射。保质期：365 天食品添加剂：无品牌: 牛头牌（食品）系列: 卤汁牛肉112g*2口味: 孜然味 2袋 香辣味 2袋 醇香味 2袋 红烧味 2袋食品工艺: 卤味产地: 中国大陆省份: 贵州省城市: 黔南布依族苗族自治州是否含糖: 含糖商品条形码: 6903155002018包装方式: 包装特产品类: 惠水牛肉干肉类产品: 牛肉粒净含量: 224g','/content/image/16600002222/10012003/01.jpg','肉制品'),(10012004,'旺旺 Mr.HOT辣人浪味仙38g*6包 墨椒芝士味膨化休闲酥脆零食饼干',36.0,'生产许可证编号：QS3300 1201 0007厂名：杭州旺旺食品有限公司厂址：浙江省杭州市余杭区余杭经济开发区振兴西路1号厂家联系方式：4008211151配料表：详见包装储藏方法：详见包装保质期：270 天食品添加剂：详见包装净含量: 228g包装方式: 包装品牌: 旺旺系列: 辣人浪味仙产地: 中国大陆省份: 浙江省','/content/image/16600002222/10012004/01.jpg','膨化食品'),(10012005,'【良品铺子-夏威夷果120gx5袋】奶油味坚果零食原味干果送开口器\n',83.0,'生产许可证编号：SC11833018501652产品标准号：详情见产品外包装厂名：杭州临安良品铺子食品有限公司厂址：浙江省杭州市临安区龙岗镇龙昌街818号厂家联系方式：400-1177-517配料表：详情见产品包装储藏方法：请存放在通风、阴凉干燥处保质期：240 天食品添加剂：详情见产品包装品牌: 良品铺子系列: 夏威夷果包装种类: 袋装产地: 中国大陆省份: 浙江省城市: 杭州市包装方式: 包装食品口味: 夏威夷果奶香味120g×5袋- 夏威夷果奶香味 280g× 2袋- 2净含量: 600g','/content/image/16600002222/10012005/01.jpg','坚果果干'),(10012006,'诺梵抹茶味巧克力手提盒婚庆喜糖伴手礼散装铁罐礼盒（代可可脂）\n',159.0,'生产许可证编号：SC10833011015156厂名：杭州云谷食品有限公司厂址：浙江省杭州市余杭区仁和街道西南山北路69-1号1幢厂家联系方式：0571-88761891配料表：详细见页面储藏方法：低于22度通风处保质期：365 天食品添加剂：详细见页面品牌: 诺梵系列: 醇香黑巧克力形状: 其他/other巧克力品类: 其他/other巧克力价格: 30-50元净含量: 80g包装种类: 礼盒装产地: 中国大陆省份: 浙江省城市: 杭州市是否含糖: 含糖包装方式: 包装是否含有代可可脂: 是巧克力制作工艺: 手工食品口味: 抹茶味铁盒装','/content/image/16600002222/10012006/01.jpg','糖果'),(10012007,'上好佳膨化零食50包组合女生儿童大礼物薯条鲜虾片办公室休闲小吃',76.0,'生产许可证编号：QS4211 1301 0089厂名：湖北上好佳食品工业有限公司厂址：湖北省黄冈市红安县城关镇城南大道厂家联系方式：86-2159898888配料表：见包装储藏方法：阴凉干燥处保质期：270 天食品添加剂：见包装品牌: Oishi/上好佳系列: 混合口味50包膨化食品种类: 薯片同城服务: 同城物流送货上门是否含糖: 含糖产地: 中国大陆省份: 湖北省包装方式: 包装是否为有机食品: 否净含量: 480g口味: 蟹味逸族50包×8g 洋葱圈50包×10g 金','/content/image/16600002222/10012007/01.jpg','膨化食品'),(10012008,'童记三利和 香辣鱿鱼片海鲜特产零食 即食鱿鱼高颜值零食零食小吃\n',84.0,'生产许可证编号：SC12243060200089产品标准号：DBS43/006-2013厂名：岳阳市伟民食品有限公司厂址：岳阳市岳阳楼区东风湖渔场西瓜山路厂家联系方式：4000730300配料表：鱿鱼、笋片、植物油、食用盐、白砂糖、辣椒、香辛料、谷氨酸钠（味精）储藏方法：置于阴凉干燥处或冷藏保质期：270 天食品添加剂：有品牌: 童记三利和系列: 600g/2盒包装方式: 包装水产类品种: 鱿鱼片是否含糖: 含糖产地: 中国大陆省份: 湖南省城市: 岳阳市净含量: 600g口味: 泡椒味2盒 香辣味2盒 酱香味2盒 香辣','/content/image/16600002222/10012008/01.jpg','肉制品'),(10012009,'新西兰直邮Yonutz小牛酸奶果酸奶零食椰干坚果2袋包邮\n',199.0,'厂名：yonutz厂址：新西兰厂家联系方式：0064保质期：360 天品牌: yonutz系列: 原味酸奶果2包包装方式: 袋装产地: 新西兰口味: 坚果味2包 黑加仑味2包 奇异果味2包 坚','/content/image/16600002222/10012009/01.jpg','坚果果干'),(10012010,'【百草味-小米锅巴80gx2袋】手工休闲食品办公室小吃宿舍小零食\n',23.9,'生产许可证编号：SC11737162414273产品标准号：GB/T 22699厂名：山东亿人食品有限公司厂址：山东省滨州市沾化区、山东省滨州市沾化区恒业二路39号厂家联系方式：400-881-0118配料表：见包装储藏方法：密封，阴凉干燥处保存保质期：365 天食品添加剂：见包装品牌: BE＆CHEERY/百草味系列: 【百草味】小米锅巴80gx2口味: 烧烤味 80gx2袋 麻辣味 80gx2袋 麻辣味80g+ 烧烤味80g产地: 中国大陆省份: 山东省包装方式: 包装净含量: 160g','/content/image/16600002222/10012010/01.jpg','膨化食品'),(10012011,'【楼兰蜜语_牛肉味兰花豆210gx2袋】休闲零食特产炒货蚕豆兰花豆\n',40.0,'生产许可证编号：SC13242011250141产品标准号：GB/T 22165厂名：武汉楼兰蜜语食品有限公司厂址：湖北省武汉市东西湖区走马岭街惠安大道西、走新路南5栋1-2层厂家联系方式：027-87539588配料表：蚕豆、植物油、食用盐、白砂糖、味精、五香粉、辣椒粉、咖喱粉、牛肉味调味料（牛肉提取物、食用盐、味精、麦芽糊精、白砂糖、香辛料、5’-呈味核苷酸二钠、食用香精）、食品添加剂（碳酸氢钠、特丁基对苯二酚）储藏方法：置于避光、阴凉、干燥处保质期：240 天食品添加剂：碳酸氢钠、特丁基对苯二酚品牌: 楼兰蜜语系列: 休闲零食系列/牛肉味兰花豆组合包装种类: 袋装产地: 中国大陆省份: 湖北省城市: 武汉市豆类品种: 蚕豆包装方式: 包装食品口味: 【牛肉味】兰花豆210gx2净含量: 420g','/content/image/16600002222/10012011/01.jpg','豆类'),(10012012,'德菲丝松露巧克力250g经典口味比利时法国进口零食（代可可脂）\n',65.0,'厂名：比利时法国等厂址：比利时工厂厂家联系方式：000-000保质期：638 天品牌: 德菲丝系列: 250g系列形状: 松露型巧克力品类: 松露巧克力巧克力价格: 30-50元净含量: 250g包装种类: 盒装产地: 法国是否含糖: 含糖商品条形码: 3260711079994包装方式: 包装是否含有代可可脂: 是巧克力制作工艺: 非手工','/content/image/16600002222/10012012/01.jpg','糖果'),(10012013,'赵老师麻饼700g*2袋四川美食特产休闲零食品老式传统手工糕点心饼',37.0,'生产许可证编号：SC11251102500019厂名：四川根兴食品有限公司厂址：资中县高楼镇高新街78号厂家联系方式：0832-5790212配料表：小麦粉、白砂糖、麦芽糖、植物油、芝麻、橙皮糖、冬瓜丁、食用盐、花椒粉储藏方法：常温通风干燥处保质期：180 天食品添加剂：碳酸氢钠、脱氢乙酸钠、柠檬酸品牌: 赵老师系列: 麻饼700*2袋口味: 麻饼椒盐味（500gx2袋） 麻饼冰桔味（500gx2袋） 麻饼500g（椒盐+冰桔各1袋） 冰桔味+椒盐味（各一袋700g) 椒盐味（700gx2袋） 冰桔味（700gx2袋） 煎麻饼芝麻馅+红糖豆沙馅（各一袋500g） 煎麻饼红糖豆沙馅（500gx2袋) 煎麻饼芝麻味(500gx2袋) 700g椒盐+500g芝麻味（煎麻饼） 700g椒盐+500g豆沙味（煎麻饼） 700g冰桔+500g芝麻味（煎麻饼） 700g冰桔+500g豆沙味（煎麻饼）净含量: 1400g产地: 中国大陆省份: 四川省城市: 内江市是否含糖: 含糖商品条形码: 6944456369561','/content/image/16600002222/10012013/01.jpg','糕点'),(10012014,'粮悦 大吃兄 老醋蚕豆盒装农家特产 办公室休闲零食品240g装\n',29.9,'生产许可证编号：QS3401 1801 0588产品标准号：GB/T22165厂名：合肥强磊食品有限公司厂址：安徽省合肥市肥东县撮镇镇大郭工业聚集区厂家联系方式：400-017-0127配料表：蚕豆、植物油、白砂糖、赤砂糖、食用盐、味精、酿造食醋储藏方法：请置于阴凉干燥处保质期：240 天食品添加剂：柠檬酸、香辛料、食品用香精品牌: 粮悦系列: 粮悦 大吃兄 老醋蚕豆 单盒包装方式: 包装包装种类: 礼盒装豆类品种: 蚕豆产地: 中国大陆省份: 安徽省城市: 合肥市食品口味: 蚕豆净含量: 240g','/content/image/16600002222/10012014/01.jpg','豆类'),(10012015,'印尼进口零食品皇冠曲奇DANISA曲奇饼干200g 368g 454g\n',35.0,'厂名：印尼厂址：印尼厂家联系方式：021-58128934配料表：详情见包装储藏方法：阴凉干燥处，开袋后注意密封保存保质期：730 天食品添加剂：见包装产品名称：DANISA/皇冠 丹麦曲奇(饼...品牌: DANISA/皇冠系列: 丹麦曲奇(饼干)368g热销系列: 其它口味: 【皇冠曲奇200g 原味】 皇冠曲奇 368g颜色分类: 曲奇饼干产地: 印尼是否含糖: 含糖商品条形码: 8996001303771包装方式: 包装是否进口: 进口糕点种类: 曲奇饼干净含量: 368g','/content/image/16600002222/10012015/01.jpg','饼干'),(10012016,'【百草味-手工脆饼320g】零食小吃饼干点心 椰蓉/芝麻味薄脆饼\n',39.9,'生产许可证编号：SC12432011300213产品标准号：GB/T 20977厂名：南京庆丰年食品有限公司厂址：南京经济技术开发区栖霞街道石埠寨89号-1厂家联系方式：400-881-0118配料表：见包装储藏方法：置于阴凉通风、干燥处保存保质期：180 天食品添加剂：见包装品牌: BE＆CHEERY/百草味系列: 【百草味】手工椰蓉薄脆320g产地: 中国大陆省份: 江苏省包装方式: 包装口味: 椰蓉口味 芝麻口味净含量: 320g','/content/image/16600002222/10012016/01.jpg','饼干'),(10012017,'【芝麻官-豆干小包装1000g】重庆特产美食麻辣豆腐干休闲办公零食\n',69.0,'生产许可证编号：SC11250011600134产品标准号：GB 2712厂名：重庆市芝麻官实业股份有限公司厂址：重庆市江津区先锋镇椒香大道355-6号厂家联系方式：023-47833164配料表：大豆、水、植物油、食用盐、白砂糖、香辛料。储藏方法：保存于阴凉干燥处，避免阳光暴晒保质期：240 天食品添加剂：谷氨酸钠、氯化镁、柠檬酸、5\'-呈味核苷酸二钠、山梨酸钾、食用香精香料品牌: 芝麻官系列: 1000g口味: 泡椒味1000g 麻辣味1000g 香菇味1000g 烧烤味1000g 五香味1000g产地: 中国大陆省份: 重庆重量(g): 1000包装方式: 包装豆制品种类: 豆腐干','/content/image/16600002222/10012017/01.jpg','豆制品'),(10012018,'【友臣肉松饼2.5斤整箱】特产小吃散装零食早餐糕点小面包批发\n',78.8,'生产许可证编号：SC12435054000016产品标准号：GB/T20977厂名：福建友臣实业有限公司厂址：泉州台商投资区惠南工业园区埕边1549（张坂镇玉埕村）厂家联系方式：18922218908配料表：小麦粉，肉松，，脱皮绿豆，白砂糖，饮用水，植物油，食用盐等储藏方法：置于阴凉干燥处保存保质期：180 天食品添加剂：见包装产品名称：友臣 肉松饼30个品牌: 友臣系列: 肉松饼30个口味: 【2.5斤|整箱】带手提. 【原味|2斤】30个. 【3口味混合/2斤】30个. 【原味肉松棒】30条. 【葱香味/2斤】30个. 【香辣味/2斤】30个. 【原味|2斤】整箱 1.【2.5斤|整箱】带手提. 2.【原味|2斤】30个. 3.【3口味混合/2斤】30个. 4.【原味肉松棒】30条. 5.【葱香味/2斤】30个. 6.【香辣味/2斤】30个. 7.【原味|2斤】整箱净含量: 1250g产地: 中国大陆省份: 福建省城市: 泉州市是否含糖: 含糖商品条形码: 6958620700654包装方式: 包装糕点种类: 肉松饼蛋白质含量: 9.5g/100g能量: 1694kJ/100g脂肪含量: 13.8g/100g碳水化合物: 60.1g/100g','/content/image/16600002222/10012018/01.jpg','糕点'),(10012019,'南国食品海南特产碎碎念中秋礼盒6款共610g果干蛋卷饼干零食礼包\n',140.0,'生产许可证编号：SC10646010800010产品标准号：DB46/T69厂名：海南南国食品实业有限公司厂址：海南省海口市美兰区顺达路5-1号厂家联系方式：0898-65882098配料表：椰奶（椰子浆）、小麦粉、白砂糖、起酥油、植脂末、椰浆粉、米粉、鸡蛋、食用盐储藏方法：干燥、密封存放保质期：365 天品牌: 南国系列: 碎碎念610g包装方式: 包装食品工艺: 果干类是否含糖: 含糖产地: 中国大陆省份: 海南省商品条形码: 6907858504046食品口味: 6款共610g净含量: 610g','/content/image/16600002222/10012019/01.jpg','坚果果干'),(10012020,'金米郎 笨笨狗好多谷粗粮米饼280g 休闲膨化零食小吃\n',22.8,'生产许可证编号：QS4100 1201 0281厂名：河南省华中食品有限公司厂址：郑州市厂家联系方式：0371-67862988配料表：大米，玉米粉，白砂糖，葡萄糖，小麦粉等储藏方法：置于阴凉干燥处，避免阳光直射保质期：270 天食品添加剂：见包装品牌: 金米郎系列: 好多谷粗粮米饼280g糕点种类: 夹心饼干是否含糖: 含糖产地: 中国大陆省份: 河南省包装方式: 包装是否进口: 国产商品条形码: 6930742684104口味: 蛋黄味280g 牛排味280g净含量: 280g','/content/image/16600002222/10012020/01.jpg','膨化食品'),(10012021,'信礼坊坚果特产 炒货零食手剥原味手剥松子108g 新品休闲零食\n',68.0,'生产许可证编号：QS3212 1801 0609产品标准号：GB/T22165厂名：江苏味冠食品有限公司厂址：江苏省泰州市兴化市昭阳工业园四区厂家联系方式：4006690776配料表：松子、食用盐储藏方法：置于阴凉干燥处、避免阳光直射保质期：270 天产品名称：信礼坊 巴西松子108g(炒货...品牌: 信礼坊系列: 巴西松子108g(炒货食品)包装方式: 包装包装种类: 袋装产地: 中国大陆省份: 江苏省套餐份量: 2人份套餐周期: 1周配送频次: 1周1次是否新货: 是零食种类: 巴西松子食品口味: 原味净含量: 108g','/content/image/16600002222/10012021/01.jpg','坚果果干'),(10012022,'旺旺小小酥原味200g*4包饼干休闲零食小吃组合装油炸酥脆点心\n',49.6,'生产许可证编号：QS3300 1201 0007厂名：杭州旺旺食品有限公司厂址：浙江省杭州市余杭区余杭经济开发区振兴西路1号厂家联系方式：4008211151配料表：详见包装储藏方法：详见包装保质期：270 天食品添加剂：详见包装品牌: 旺旺系列: 旺旺 小小酥 200g*4包 原味口味: 原味200g*4 葱香鸡肉味200g*4 黑胡椒味200g*4 原 味200g*4 葱 香鸡肉味200g*4 黑 胡椒味200g*4产地: 中国大陆省份: 湖北省','/content/image/16600002222/10012022/01.jpg','膨化食品'),(10012023,'扁担老头麻辣豆干零食大礼包1000g组合特产小吃豆腐干小包装散装\n',108.0,'生产许可证编号：SC10450022214875产品标准号：GB2712厂名：重庆市渝派农产品开发有限公司厂址：重庆市綦江工业园区（食品园）厂家联系方式：02367721500配料表：大豆 水 辣椒 食用植物油，白砂糖，食用盐，酿造酱油，鸡膏调味料，牛膏调味料，味精，香辛料，食用添加剂，食用香精香料储藏方法：阴凉避光下贮藏保质期：270 天食品添加剂：详情见包装品牌: 扁担老头系列: 豆干组合1000g口味: 豆干组合装1000g产地: 中国大陆省份: 重庆是否为有机食品: 否重量(g): 1000包装方式: 散装','/content/image/16600002222/10012023/01.jpg','豆制品'),(10012024,'卡宾熊蜜松鸡蛋煎饼386g早餐代餐薄脆饼干糕点心休闲零食礼包小吃\n',38.0,'生产许可证编号：QS4201 0801 0096厂名：武汉旭中旭食品有限责任公司厂址：湖北省武汉市东西湖区径河办事处啤砖路55号7栋2号厂家联系方式：029-84581753配料表：详见食品包装袋储藏方法：详见食品包装袋保质期：180 天食品添加剂：详见食品包装袋品牌: 卡宾熊系列: 蜜松鸡蛋煎饼386g口味: 蜜松鸡蛋煎饼386g产地: 中国大陆省份: 湖北省包装方式: 包装','/content/image/16600002222/10012024/01.jpg','糕点'),(10012025,'思朗仁麸红豆燕麦粗粮早餐饼干无添糖杂粮散装饼干320g办公室零食\n',68.0,'生产许可证编号：SC10844190001362产品标准号：GB/T 20980厂名：东莞思朗食品有限公司厂址：东莞市道滘镇大罗沙村粤晖大道旁（道滘镇食品工业园）厂家联系方式：0371-55688677配料表：小麦粉、大麦粉、植物油、麦麸、燕麦 淀粉 鸡蛋 大米粉 食用盐 食品添加剂（碳酸氢钠、碳酸氢铵、碳酸氢钙、谷氨酸钠、食用香精）食用盐储藏方法：请置于阴凉干燥处保质期：365 天食品添加剂：麦芽糖醇 碳酸氢铵、碳酸氢钠、磷酸氢钙产品名称：思朗 仁麸无添糖多谷饼干3...品牌: 思朗系列: 仁麸无添糖多谷饼干320G热销系列: 其它口味: 仁麸多谷饼干(含硒)(无添糖320g) 仁麸燕麦多谷饼干(含硒)(含糖320g) 仁麸红豆多谷饼干(含硒)(含糖320g)产地: 中国大陆省份: 广东省商品条形码: 6923250641691包装方式: 包装糕点种类: 营养饼干净含量: 320g','/content/image/16600002222/10012025/01.jpg','饼干'),(10012026,'稻香村拿破仑蛋糕700G早餐奶油面包零食大礼包糕点休闲零食小吃\n',80.0,'生产许可证编号：SC10811121412307产品标准号：GB/T20977厂名：北京苏稻食品工业有限公司厂址：北京市通州区潞城镇武兴北路4号厂家联系方式：010-59480024配料表：小麦粉，人造奶油，鸡蛋，起酥油，绵白糖等储藏方法：阴凉干燥处密封保存保质期：60 天食品添加剂：详见产品包装品牌: 稻香村系列: 拿破仑口味: 拿破仑700g·(原味). 拿破仑（蓝莓味）700g产地: 中国大陆省份: 北京是否含糖: 含糖商品条形码: 6935820213252包装方式: 包装糕点种类: 奶油类糕点净含量: 700g','/content/image/16600002222/10012026/01.jpg','糕点'),(10012027,'不启用香辣糍粑鱼即食零食小吃海鲜干货绍兴特产食品独立小包装\n',60.0,'生产许可证编号：SC11842011202060厂名：湖北良品铺子食品工业有限公司厂址：武汉市东西湖区走马岭革新大道8号厂家联系方式：400-1177-517配料表：草鱼，水，白酒，花生，芝麻，辣椒，食用盐，白砂糖，味精，食用植物油，香辛料，咸味食用香精，食品添加剂（5’-呈味核苷酸二钠，柠檬酸，阿斯巴甜（含苯丙氨酸））食用香精香料储藏方法：请置于干燥凉爽处，避免阳光直射。保质期：180 天食品添加剂：见产品包装背面所示品牌: 良品铺子系列: 糍粑鱼产地: 中国大陆省份: 浙江省城市: 绍兴市包装方式: 包装鱼制品种类: 其他/other水产类品种: 其他/other口味: 香辣味 200gx1袋','/content/image/16600002222/10012027/01.jpg','肉制品'),(10012028,'御食园千层酥饼干200g杏仁千层酥饼干松塔办公室零食休闲食品小包\n',68.0,'生产许可证编号：SC11233052300015产品标准号：GB 7099厂名：浙江麦吉士食品有限公司厂址：浙江省湖州市安吉县塘浦工业园区厂家联系方式：4000571808配料表：详见包装储藏方法：常温避光保存保质期：270 天食品添加剂：见包装产品名称：御食园 千层酥200g 散装称...品牌: 御食园系列: 千层酥200g 散装称重热销系列: 其它口味: （千层酥饼混合味200g） 千层酥饼混合味200g产地: 中国大陆省份: 北京是否含糖: 含糖包装方式: 包装是否进口: 国产糕点种类: 酥性饼干净含量: 200g','/content/image/16600002222/10012028/01.jpg','饼干'),(10012029,'【真心每日坚果26gx30包】混合果仁780g儿童零食大礼包儿童成长季\n',298.0,'生产许可证编号：SC11834012205669产品标准号：Q/ZX 0010S厂名：安徽真心食品有限公司厂址：安徽省合肥市肥东县新城开发区合店路21号厂家联系方式：0551-67758927配料表：核桃仁，扁桃仁，腰果仁，黑加仑干，榛子仁，蓝莓干，食用盐储藏方法：密闭置于阴凉干燥处保质期：180 天食品添加剂：无产地: 中国大陆包装方式: 包装品牌: 真心系列: 混合坚果商品条形码: 6926396114067食品口味: 成长季净含量: 780g','/content/image/16600002222/10012029/01.jpg','坚果果干'),(10012030,'宏源陈皮糖散装结婚喜糖批发话梅糖酸糖怀旧水果糖硬糖糖果小零食\n',39.0,'生产许可证编号：SC11344512102387产品标准号：见包装厂名：广东宏源食品有限公司厂址：潮州市潮安区庵埠乔林新兴路中段厂家联系方式：0768-6665125配料表：见包装储藏方法：放置于阴凉干燥处保质期：365 天食品添加剂：见包装品牌: 宏源系列: 陈皮糖355克*3包口味: 2.陈皮糖355g*2包（共约260颗） 3.陈皮糖355g*3包（共约390颗）# 4.陈皮糖355g*4包（共约520颗） 陈皮糖355g*4包（共约520颗）*包装种类: 袋装产地: 中国大陆省份: 广东省城市: 潮州市是否含糖: 含糖包装方式: 包装产品: 喜糖净含量: 1420g','/content/image/16600002222/10012030/01.jpg','糖果'),(10012032,'森永日本进口磨牙棒 蒙奈小馒头饼干小袋包装加钙零食奶豆蛋酥2包\n',105.0,'厂名：森永制果株式会社厂址：日本京都府厂家联系方式：021-68130338保质期：365 天品牌: Morinaga/森永适用年龄: 8个月 9个月 10个月 11个月 12个月 13个月 14个月 15个月 16个月 17个月 18个月 19个月 20个月 21个月 22个月 23个月 2岁 25个月 26个月 27个月 28个月 29个月 30个月产地: 其他口味: 混合蔬菜味 原味包装种类: 盒装包装方式: 包装货号: 蒙奈小馒头2包','/content/image/16600002222/10012032/01.jpg','膨化食品'),(10012033,'【良品铺子-烘烤薯片98gx3盒】膨化食品番茄味零食吃货吃的小零食\n',35.0,'生产许可证编号：SC12442900400041产品标准号：详情见产品外包装厂名：武汉市泡吧食品有限公司厂址：湖北省仙桃市高新技术产业园区干河北路厂家联系方式：400-1177-517配料表：详情见产品包装储藏方法：请置于干燥凉爽处，避免阳光直射。保质期：270 天食品添加剂：详情见产品包装品牌: 良品铺子系列: 烘烤薯片98g*3系列口味: 原味98gx3盒-- 番茄味98gx3盒--产地: 中国大陆省份: 湖北省是否含糖: 含糖是否为有机食品: 否包装方式: 包装膨化食品种类: 薯片净含量: 294g','/content/image/16600002222/10012033/01.jpg','膨化食品'),(10012034,'【雪梨推荐】歌斐颂70%小黑巧克力纯可可脂苦巧克力烘焙网红零食\n',158.0,'生产许可证编号：SC11333042100192产品标准号：GB/T 19343厂名：歌斐颂食品有限公司厂址：嘉兴市嘉善县大云镇巧克力大道8号厂家联系方式：400-8050-828配料表：可可液块，可可脂，白砂糖，可可粉，食品添加剂（磷脂），食用香料。储藏方法：置于阴凉及干燥处，避免阳光照射。保质期：450 天食品添加剂：大豆磷脂，聚甘油蓖麻醇酯品牌: Aficion/歌斐颂系列: 醇黑巧克力40g形状: 其他/other巧克力品类: 黑巧克力巧克力价格: 80-100元净含量: 320g包装种类: 盒装产地: 中国大陆省份: 浙江省城市: 嘉兴市是否含糖: 含糖是否为有机食品: 否商品条形码: 6921569393256包装方式: 包装是否含有代可可脂: 否巧克力制作工艺: 非手工食品口味: 【雪梨推荐】黑巧70%成分含量: 70%','/content/image/16600002222/10012034/01.jpg','糖果'),(10012035,'蜀道香麻辣猪肉脯100g 好吃的肉类四川特产零食品休闲小吃猪肉干\n',29.8,'生产许可证编号：QS5100 0401 3779产品标准号：GB/T23586厂名：四川省国中食品有限公司厂址：成都市金堂县成都-阿坝工业集中发展区厂家联系方式：4000007917配料表：猪肉脯、植物油、芝麻、大豆蛋白、白砂糖、食用盐等储藏方法：阴凉干燥处保质期：365 天食品添加剂：见包装产品名称：蜀道香 麻辣猪肉脯100g净含量: 100g包装方式: 包装品牌: 蜀道香系列: 麻辣猪肉脯100g商品条形码: 6953601800354是否为有机食品: 否肉类产品: 牛肉条88g 鱿鱼足片88g 麻辣牛肉+烧烤牛肉+麻辣猪肉脯 麻辣牛肉+烧烤牛肉+麻辣鱿鱼足 麻辣牛肉+烧烤牛肉 猪肉脯口味: 烧烤 麻辣味是否含糖: 含糖省份: 中国大陆产地: 中国大陆省份: 四川省城市: 成都市','/content/image/16600002222/10012035/01.jpg','肉制品'),(10012036,'良品铺子猪肉零食奥尔良风味香辣味脆骨秘制猪软骨休闲食品150g\n',51.8,'生产许可证编号：QS3212 0401 1603产品标准号：GB/T 23586厂名：江苏骥洋食品有限公司厂址：江苏省泰州市靖江市西来镇骥洋路1号厂家联系方式：4001177517配料表：猪月牙骨 食用盐 酱油 黄酒 白砂糖 味精 香辛料储藏方法：常温 避光 干燥保存保质期：270 天食品添加剂：脱氢乙酸钠 亚硒酸钠 山梨酸钾品牌: 良品铺子系列: 脆骨奥尔良风味150g是否含糖: 含糖省份: 中国大陆产地: 中国大陆省份: 江苏省城市: 泰州市包装方式: 包装口味: 奥尔良风味 香辣味净含量: 150g商品条形码: 6932588517110','/content/image/16600002222/10012036/01.jpg','肉制品'),(10012037,'新疆特产伊犁树上杏干500g四团杏干自然风干一杏两吃仁不加糖零食\n',38.0,'生产许可证编号：SC11765210100671产品标准号：Q/XYZ0001S厂名：新疆玉珠果业有限公司厂址：新疆吐鲁番市高昌区新丝路319号（港城园区）厂家联系方式：09958534769配料表：优质杏干储藏方法：阴凉干燥处保质期：365 天食品添加剂：无品牌: 沙漠玉珠系列: 小白杏干食品工艺: 果干类产地: 中国大陆省份: 新疆维吾尔自治区包装方式: 包装特产品类: 伊犁树上干杏食品口味: 树上杏干250克/袋（试吃款） 树上杏干500克/袋 树上杏干500克/袋X2【掌柜推荐】净含量: 500g','/content/image/16600002222/10012037/01.jpg','坚果果干'),(10012038,'【百草味-鱿鱼组合240g】手撕风琴鱿鱼丝鱿鱼条 鱿鱼足片零食\n',59.9,'生产许可证编号：SC10433038100269产品标准号：Q/ZRS 0009S厂名：浙江瑞松食品有限公司厂址：浙江省瑞安市经济开发区（发展区）开发二路88号厂家联系方式：4008810118配料表：见包装储藏方法：置于阴凉干燥处，避免阳光直射保质期：270 天食品添加剂：见包装品牌: BE＆CHEERY/百草味系列: 鱿鱼组合240g 套装包装方式: 包装水产类品种: 其他/other产地: 中国大陆省份: 福建省城市: 漳州市口味: 鱿鱼干组合 240g净含量: 240g','/content/image/16600002222/10012038/01.jpg','肉制品'),(10012039,'德菲丝比利时进口松露形黑巧克力组合装800g（代可可脂）\n',149.9,'厂名：国外巧克力工厂厂址：法国比利时等厂家联系方式：4008205302配料表：植物油白砂糖低脂可可乳清粉乳化剂储藏方法：20度以下，避免阳光直射保质期：630 天品牌: 德菲丝系列: 800G组合形状: 松露型巧克力品类: 松露巧克力巧克力价格: 100-200元净含量: 800g包装种类: 盒装产地: 比利时是否含糖: 含糖商品条形码: 5410291013804包装方式: 包装是否含有代可可脂: 是巧克力制作工艺: 非手工食品口味: 经典香醇800g 奇趣脆米800g 可可','/content/image/16600002222/10012039/01.jpg','糖果'),(10012040,'哎呦喂红葡萄干 新疆特产 红香玫瑰提子干零食新货500g\n',48.9,'生产许可证编号：SC11765010800263产品标准号：GB/T19586-2008厂名：新疆哎呦喂食品有限公司厂址：新疆乌鲁木齐市米东区芦草沟乡人民庄子村六组七巷6号厂家联系方式：0991-6697308配料表：吐鲁番葡萄干储藏方法：干燥 阴凉 通风 冷藏保质期：360 天品牌: 哎呦喂系列: hong产地: 中国大陆省份: 新疆维吾尔自治区商品条形码: 6958247402078包装方式: 包装特产品类: 吐鲁番葡萄干食品口味: 红葡萄干500g净含量: 500g','/content/image/16600002222/10012040/01.jpg','坚果果干'),(10012041,'盼盼食品法式小面包奶香味 营养早餐面包糕点心散装500g休闲零食\n',15.0,'生产许可证编号：QS3411 2401 0829厂名：安徽盼盼食品有限公司厂址：安徽省滁州市经济技术开发区城东工业园长江西路365号厂家联系方式：15659078686配料表：详见包装储藏方法：常温下保存，避免阳光直射保质期：180 天食品添加剂：详见包装品牌: 盼盼系列: 法式小面包奶香味500g糕点种类: 面包面包类型: 其他/other产地: 中国大陆省份: 福建省包装方式: 散装口味: 法式小面包500g净含量: 500g','/content/image/16600002222/10012041/01.jpg','糕点'),(10012042,'重庆特产 牛浪汉牛肉干 牛浪汉 香油麻辣牛肉 250g 四川零食小吃\n',52.0,'生产许可证编号：SC10450010815779厂名：重庆莉莱食品有限公司厂址：重庆市南岸区美业路6号厂家联系方式：023-62750866保质期：365 天品牌: 牛浪汉系列: 2104250散装牛肉干250g油麻辣口味: 麻辣味 孜然味食品工艺: 油炸产地: 中国大陆省份: 重庆是否含糖: 含糖包装方式: 包装特产品类: 牛浪汉牛肉干肉类产品: 牛肉干净含量: 250g','/content/image/16600002222/10012042/01.jpg','肉制品'),(10012043,'【69任选8件】良品铺子-干无花果干30g果脯蜜饯水果干休闲零食\n',29.0,'生产许可证编号：SC11635062900021产品标准号：详情见产品外包装厂名：福建立兴食品有限公司厂址：福建省漳州市华安县丰山镇圣王大道68号厂家联系方式：4001177517配料表：详情见产品包装储藏方法：请于阴凉干燥处保存、避免阳光直射保质期：300 天食品添加剂：详情见产品包装品牌: 良品铺子系列: 冻干无花果干30g产地: 中国大陆省份: 福建省城市: 漳州市是否含糖: 含糖包装方式: 包装食品口味: 冻干无花果30gx1 袋 1 2','/content/image/16600002222/10012043/01.jpg','坚果果干'),(10012044,'买1送1【楼兰蜜语_香妃玫瑰果仁酥108g】休闲零食玫瑰果仁酥糖\n',40.0,'生产许可证编号：SC11342058101945产品标准号：SB/T 10019厂名：宜昌傅阿姨土特产食品有限公司厂址：湖北省宜昌市宜都市五眼泉镇袁家榜村五组厂家联系方式：0991-3776514配料表：花生仁，白砂糖，麦芽糖，食用植物油，重瓣红玫瑰，食用盐储藏方法：置于25℃以下通风干燥处保质期：180 天品牌: 楼兰蜜语系列: 玫瑰花生酥108g产地: 中国大陆省份: 湖北省城市: 宜昌市包装方式: 包装糕点种类: 花生酥口味: （买1送1）香妃玫瑰果仁酥108g净含量: 108g','/content/image/16600002222/10012044/01.jpg','糖果'),(10012046,'良品铺子红烧排骨卤味零食小吃香辣味休闲熟食肉类真空包装食品\n',54.0,'生产许可证编号：SC10432128200407厂名：江苏骥洋食品有限公司厂址：江苏省泰州市靖江市西来镇骥洋路1号厂家联系方式：4001177517配料表：/储藏方法：请置于干燥凉爽处，避免阳光直射。保质期：270 天食品添加剂：见产品包装背面所示产品名称：良品铺子 排骨散装200g品牌: 良品铺子系列: 排骨散装200g是否含糖: 含糖省份: 中国大陆产地: 中国大陆省份: 江苏省城市: 泰州市包装方式: 包装商品条形码: 6932588517097口味: 香辣 味 200gx1袋 卤香 味 200gx1袋肉类产品: 排 骨净含量: 200g','/content/image/16600002222/10012046/01.jpg','肉制品'),(10012047,'ah酸奶葡萄干小包装优质无核提子干原装进口果干蜜饯零食200gx4袋\n',162.0,'厂名：Disfruta B.V.厂址：Drachten厂家联系方式：0800 022 26 26保质期：365 天品牌: Albert Heijn','/content/image/16600002222/10012047/01.jpg','坚果果干'),(10012048,'【黄老五花生/米花酥零食组合1280g】四川特产糕点点心休闲小吃\n',176.0,'生产许可证编号：SC11251102400010厂名：黄老五食品股份有限公司厂址：威远县镇西镇中心街197号5幢厂家联系方式：0832-8623688配料表：花生、白砂糖、麦芽糖浆、植物油、芝麻、食用盐储藏方法：干燥阴凉处保存保质期：180 天食品添加剂：无品牌: 黄老五系列: 多口味组合装口味: 1280g.零食组合/9袋（含小麻花、米花酥、锅巴酥、葵花仁酥、花生酥）净含量: 1280g产地: 中国大陆省份: 四川省城市: 内江市是否含糖: 含糖包装方式: 包装特产品类: 黄老五花生酥糕点种类: 花生酥','/content/image/16600002222/10012048/01.jpg','膨化食品'),(10012049,'糖村台湾 S02-03综合薄卷饼12入礼盒休闲办公室小吃人气零食\n',165.0,'厂名：糖村厂址：糖村厂家联系方式：04253272882配料表：原味薄捲餅6入/義式咖啡薄捲餅6入保质期：30 天品牌: 糖村（台湾）系列: S02-03綜合薄捲餅12入禮盒产地: 台湾包装方式: 包装是否进口: 进口口味: 其他商品条形码: 4715142432355净含量: 170g','/content/image/16600002222/10012049/01.jpg','饼干'),(10012050,'牛头牌牛肉粒208g 香辣五香牛肉干贵州年货小吃特产休闲零食包邮\n',89.9,'生产许可证编号：SC10452273110150厂名：贵州永红食品有限公司厂址：贵州省惠水县永红绿色食品工业园厂家联系方式：800-8976188配料表：精选牛肉、食用植物油、白砂糖、食用盐、香辛料等储藏方法：请存放在阴凉通风处，避免高温、潮湿及阳光直接照射。保质期：365 天品牌: 牛头牌（食品）系列: 208g牛肉粒口味: 沙嗲味 208g 五香味 208g 香辣味 208g食品工艺: 烧烤产地: 中国大陆省份: 贵州省城市: 黔南布依族苗族自治州是否含糖: 含糖包装方式: 包装特产品类: 惠水牛肉干肉类产品: 牛肉粒净含量: 208g','/content/image/16600002222/10012050/01.jpg','肉制品');
/*!40000 ALTER TABLE `goods` ENABLE KEYS */;
UNLOCK TABLES;

--
-- Table structure for table `goods_img`
--

DROP TABLE IF EXISTS `goods_img`;
/*!40101 SET @saved_cs_client     = @@character_set_client */;
/*!40101 SET character_set_client = utf8 */;
CREATE TABLE `goods_img` (
  `goods_id` int(11) NOT NULL,
  `img_path` varchar(1000) NOT NULL,
  PRIMARY KEY (`goods_id`,`img_path`),
  CONSTRAINT `img_to_goods` FOREIGN KEY (`goods_id`) REFERENCES `goods` (`goods_id`) ON DELETE CASCADE ON UPDATE CASCADE
) ENGINE=InnoDB DEFAULT CHARSET=utf8;
/*!40101 SET character_set_client = @saved_cs_client */;

--
-- Dumping data for table `goods_img`
--

LOCK TABLES `goods_img` WRITE;
/*!40000 ALTER TABLE `goods_img` DISABLE KEYS */;
INSERT INTO `goods_img` VALUES (10000000,'/content/image/16600001111/10000000/01.jpg'),(10000001,'/content/image/16600001111/10000001/01.jpg'),(10000002,'/content/image/16600001111/10000002/01.jpg'),(10000003,'/content/image/16600001111/10000003/01.jpg'),(10000004,'/content/image/16600001111/10000004/01.jpg'),(10000005,'/content/image/16600001111/10000005/01.jpg'),(10000006,'/content/image/16600001111/10000006/01.jpg'),(10000007,'/content/image/16600001111/10000007/01.jpg'),(10000008,'/content/image/16600001111/10000008/01.jpg'),(10000009,'/content/image/16600001111/10000009/01.jpg'),(10000010,'/content/image/16600001111/10000010/01.jpg'),(10000011,'/content/image/16600001111/10000011/01.jpg'),(10000012,'/content/image/16600001111/10000012/01.jpg'),(10000013,'/content/image/16600001111/10000013/01.jpg'),(10000014,'/content/image/16600001111/10000014/01.jpg'),(10000015,'/content/image/16600001111/10000015/01.jpg'),(10000016,'/content/image/16600001111/10000016/01.jpg'),(10000017,'/content/image/16600001111/10000017/01.jpg'),(10000018,'/content/image/16600001111/10000018/01.jpg'),(10000019,'/content/image/16600001111/10000019/01.jpg'),(10000020,'/content/image/16600001111/10000020/01.jpg'),(10000021,'/content/image/16600001111/10000021/01.jpg'),(10000022,'/content/image/16600001111/10000022/01.jpg'),(10000023,'/content/image/16600001111/10000023/01.jpg'),(10000024,'/content/image/16600001111/10000024/01.jpg'),(10000025,'/content/image/16600001111/10000025/01.jpg'),(10000026,'/content/image/16600001111/10000026/01.jpg'),(10000027,'/content/image/16600001111/10000027/01.jpg'),(10000028,'/content/image/16600001111/10000028/01.jpg'),(10000029,'/content/image/16600001111/10000029/01.jpg'),(10000030,'/content/image/16600001111/10000030/01.jpg'),(10000031,'/content/image/16600001111/10000031/01.jpg'),(10000032,'/content/image/16600001111/10000032/01.jpg'),(10000033,'/content/image/16600001111/10000033/01.jpg'),(10000034,'/content/image/16600001111/10000034/01.jpg'),(10000035,'/content/image/16600001111/10000035/01.jpg'),(10000036,'/content/image/16600001111/10000036/01.jpg'),(10000037,'/content/image/16600001111/10000037/01.jpg'),(10000038,'/content/image/16600001111/10000038/01.jpg'),(10000039,'/content/image/16600001111/10000039/01.jpg'),(10000040,'/content/image/16600001111/10000040/01.jpg'),(10000042,'/content/image/16600001111/10000042/01.jpg'),(10000043,'/content/image/16600001111/10000043/01.jpg'),(10000044,'/content/image/16600001111/10000044/01.jpg'),(10000045,'/content/image/16600001111/10000045/01.jpg'),(10000046,'/content/image/16600001111/10000046/01.jpg'),(10000047,'/content/image/16600001111/10000047/01.jpg'),(10000048,'/content/image/16600001111/10000048/01.jpg'),(10000049,'/content/image/16600001111/10000049/01.jpg'),(10000050,'/content/image/16600001111/10000050/01.jpg'),(10012001,'/content/image/16600002222/10012001/01.jpg'),(10012002,'/content/image/16600002222/10012002/01.jpg'),(10012003,'/content/image/16600002222/10012003/01.jpg'),(10012004,'/content/image/16600002222/10012004/01.jpg'),(10012005,'/content/image/16600002222/10012005/01.jpg'),(10012006,'/content/image/16600002222/10012006/01.jpg'),(10012007,'/content/image/16600002222/10012007/01.jpg'),(10012008,'/content/image/16600002222/10012008/01.jpg'),(10012009,'/content/image/16600002222/10012009/01.jpg'),(10012010,'/content/image/16600002222/10012010/01.jpg'),(10012011,'/content/image/16600002222/10012011/01.jpg'),(10012012,'/content/image/16600002222/10012012/01.jpg'),(10012013,'/content/image/16600002222/10012013/01.jpg'),(10012014,'/content/image/16600002222/10012014/01.jpg'),(10012015,'/content/image/16600002222/10012015/01.jpg'),(10012016,'/content/image/16600002222/10012016/01.jpg'),(10012017,'/content/image/16600002222/10012017/01.jpg'),(10012018,'/content/image/16600002222/10012018/01.jpg'),(10012019,'/content/image/16600002222/10012019/01.jpg'),(10012020,'/content/image/16600002222/10012020/01.jpg'),(10012021,'/content/image/16600002222/10012021/01.jpg'),(10012022,'/content/image/16600002222/10012022/01.jpg'),(10012023,'/content/image/16600002222/10012023/01.jpg'),(10012024,'/content/image/16600002222/10012024/01.jpg'),(10012025,'/content/image/16600002222/10012025/01.jpg'),(10012026,'/content/image/16600002222/10012026/01.jpg'),(10012027,'/content/image/16600002222/10012027/01.jpg'),(10012028,'/content/image/16600002222/10012028/01.jpg'),(10012029,'/content/image/16600002222/10012029/01.jpg'),(10012030,'/content/image/16600002222/10012030/01.jpg'),(10012032,'/content/image/16600002222/10012032/01.jpg'),(10012033,'/content/image/16600002222/10012033/01.jpg'),(10012034,'/content/image/16600002222/10012034/01.jpg'),(10012035,'/content/image/16600002222/10012035/01.jpg'),(10012036,'/content/image/16600002222/10012036/01.jpg'),(10012037,'/content/image/16600002222/10012037/01.jpg'),(10012038,'/content/image/16600002222/10012038/01.jpg'),(10012039,'/content/image/16600002222/10012039/01.jpg'),(10012040,'/content/image/16600002222/10012040/01.jpg'),(10012041,'/content/image/16600002222/10012041/01.jpg'),(10012042,'/content/image/16600002222/10012042/01.jpg'),(10012043,'/content/image/16600002222/10012043/01.jpg'),(10012044,'/content/image/16600002222/10012044/01.jpg'),(10012046,'/content/image/16600002222/10012046/01.jpg'),(10012047,'/content/image/16600002222/10012047/01.jpg'),(10012048,'/content/image/16600002222/10012048/01.jpg'),(10012049,'/content/image/16600002222/10012049/01.jpg'),(10012050,'/content/image/16600002222/10012050/01.jpg');
/*!40000 ALTER TABLE `goods_img` ENABLE KEYS */;
UNLOCK TABLES;

--
-- Table structure for table `goods_tag`
--

DROP TABLE IF EXISTS `goods_tag`;
/*!40101 SET @saved_cs_client     = @@character_set_client */;
/*!40101 SET character_set_client = utf8 */;
CREATE TABLE `goods_tag` (
  `tag` varchar(60) NOT NULL,
  PRIMARY KEY (`tag`)
) ENGINE=InnoDB DEFAULT CHARSET=utf8;
/*!40101 SET character_set_client = @saved_cs_client */;

--
-- Dumping data for table `goods_tag`
--

LOCK TABLES `goods_tag` WRITE;
/*!40000 ALTER TABLE `goods_tag` DISABLE KEYS */;
INSERT INTO `goods_tag` VALUES ('坚果果干'),('粗粮'),('糕点'),('糖果'),('肉制品'),('膨化食品'),('蛋类'),('豆制品'),('豆类'),('面食'),('饮料'),('饼干');
/*!40000 ALTER TABLE `goods_tag` ENABLE KEYS */;
UNLOCK TABLES;

--
-- Table structure for table `members`
--

DROP TABLE IF EXISTS `members`;
/*!40101 SET @saved_cs_client     = @@character_set_client */;
/*!40101 SET character_set_client = utf8 */;
CREATE TABLE `members` (
  `mem_phone` char(11) NOT NULL,
  `mem_pwd` varchar(45) NOT NULL,
  `mem_name` varchar(100) NOT NULL,
  `mem_type` int(11) NOT NULL,
  PRIMARY KEY (`mem_phone`)
) ENGINE=InnoDB DEFAULT CHARSET=utf8;
/*!40101 SET character_set_client = @saved_cs_client */;

--
-- Dumping data for table `members`
--

LOCK TABLES `members` WRITE;
/*!40000 ALTER TABLE `members` DISABLE KEYS */;
INSERT INTO `members` VALUES ('16600001111','pwd','东东零食铺',2),('16600002222','pwd','西西零食铺',2);
/*!40000 ALTER TABLE `members` ENABLE KEYS */;
UNLOCK TABLES;

--
-- Table structure for table `purchasecars`
--

DROP TABLE IF EXISTS `purchasecars`;
/*!40101 SET @saved_cs_client     = @@character_set_client */;
/*!40101 SET character_set_client = utf8 */;
CREATE TABLE `purchasecars` (
  `pcar_mem_phone` char(11) NOT NULL,
  `pcar_goods_id` int(11) NOT NULL,
  `pcar_goods_num` int(10) NOT NULL,
  PRIMARY KEY (`pcar_mem_phone`,`pcar_goods_id`),
  KEY `to_goods_idx` (`pcar_goods_id`),
  CONSTRAINT `pcar_mem_phone_fk` FOREIGN KEY (`pcar_mem_phone`) REFERENCES `members` (`mem_phone`) ON DELETE CASCADE ON UPDATE CASCADE,
  CONSTRAINT `pcar_to_goods` FOREIGN KEY (`pcar_goods_id`) REFERENCES `goods` (`goods_id`) ON DELETE CASCADE ON UPDATE CASCADE
) ENGINE=InnoDB DEFAULT CHARSET=utf8;
/*!40101 SET character_set_client = @saved_cs_client */;

--
-- Dumping data for table `purchasecars`
--

LOCK TABLES `purchasecars` WRITE;
/*!40000 ALTER TABLE `purchasecars` DISABLE KEYS */;
/*!40000 ALTER TABLE `purchasecars` ENABLE KEYS */;
UNLOCK TABLES;

--
-- Table structure for table `purchaselists`
--

DROP TABLE IF EXISTS `purchaselists`;
/*!40101 SET @saved_cs_client     = @@character_set_client */;
/*!40101 SET character_set_client = utf8 */;
CREATE TABLE `purchaselists` (
  `plist_id` varchar(45) NOT NULL,
  `plist_mem_phone` char(11) NOT NULL,
  `plist_goods_id` int(11) NOT NULL,
  `plist_goods_name` varchar(100) NOT NULL,
  `plist_goods_num` int(10) NOT NULL,
  `plist_goods_unit_price` decimal(10,1) NOT NULL,
  `plist_goods_total_price` decimal(15,1) NOT NULL,
  `plist_date` datetime NOT NULL,
  `plist_seller_phone` char(11) NOT NULL,
  PRIMARY KEY (`plist_id`,`plist_mem_phone`,`plist_goods_id`,`plist_date`),
  KEY `idx_composition` (`plist_mem_phone`,`plist_goods_id`),
  KEY `plist_seller_fk_idx` (`plist_seller_phone`),
  CONSTRAINT `mem_fk` FOREIGN KEY (`plist_mem_phone`) REFERENCES `members` (`mem_phone`) ON DELETE CASCADE ON UPDATE CASCADE,
  CONSTRAINT `plist_seller_fk` FOREIGN KEY (`plist_seller_phone`) REFERENCES `seller` (`seller_phone`) ON DELETE NO ACTION ON UPDATE NO ACTION
) ENGINE=InnoDB DEFAULT CHARSET=utf8;
/*!40101 SET character_set_client = @saved_cs_client */;

--
-- Dumping data for table `purchaselists`
--

LOCK TABLES `purchaselists` WRITE;
/*!40000 ALTER TABLE `purchaselists` DISABLE KEYS */;
/*!40000 ALTER TABLE `purchaselists` ENABLE KEYS */;
UNLOCK TABLES;

--
-- Table structure for table `sell_goods`
--

DROP TABLE IF EXISTS `sell_goods`;
/*!40101 SET @saved_cs_client     = @@character_set_client */;
/*!40101 SET character_set_client = utf8 */;
CREATE TABLE `sell_goods` (
  `seller_phone` char(11) NOT NULL,
  `sell_goods_id` int(11) NOT NULL,
  `sell_volume` int(11) NOT NULL,
  `sell_stock` int(11) NOT NULL,
  PRIMARY KEY (`seller_phone`,`sell_goods_id`),
  KEY `sell_to_goods_idx` (`sell_goods_id`)
) ENGINE=InnoDB DEFAULT CHARSET=utf8;
/*!40101 SET character_set_client = @saved_cs_client */;

--
-- Dumping data for table `sell_goods`
--

LOCK TABLES `sell_goods` WRITE;
/*!40000 ALTER TABLE `sell_goods` DISABLE KEYS */;
INSERT INTO `sell_goods` VALUES ('16600001111',10000000,0,838),('16600001111',10000001,40,1256),('16600001111',10000002,5,1677),('16600001111',10000003,0,37),('16600001111',10000004,0,2190),('16600001111',10000005,0,141),('16600001111',10000006,3,2083),('16600001111',10000007,0,2223),('16600001111',10000008,0,1713),('16600001111',10000009,0,1230),('16600001111',10000010,0,1449),('16600001111',10000011,0,1538),('16600001111',10000012,1,440),('16600001111',10000013,0,1676),('16600001111',10000014,0,2187),('16600001111',10000015,0,278),('16600001111',10000016,0,1650),('16600001111',10000017,0,1012),('16600001111',10000018,0,271),('16600001111',10000019,0,1219),('16600001111',10000020,0,1375),('16600001111',10000021,0,1659),('16600001111',10000022,0,77),('16600001111',10000023,0,1629),('16600001111',10000024,0,1677),('16600001111',10000025,0,2171),('16600001111',10000026,0,216),('16600001111',10000027,0,932),('16600001111',10000028,0,658),('16600001111',10000029,0,1321),('16600001111',10000030,0,1551),('16600001111',10000031,0,2188),('16600001111',10000032,0,549),('16600001111',10000033,0,105),('16600001111',10000034,0,1400),('16600001111',10000035,0,1713),('16600001111',10000036,0,217),('16600001111',10000037,0,1283),('16600001111',10000038,0,699),('16600001111',10000039,0,1743),('16600001111',10000040,0,1985),('16600001111',10000042,0,735),('16600001111',10000043,0,132),('16600001111',10000044,0,247),('16600001111',10000045,0,647),('16600001111',10000046,0,2317),('16600001111',10000047,0,807),('16600001111',10000048,0,259),('16600001111',10000049,0,1250),('16600001111',10000050,0,1946),('16600002222',10012001,0,233),('16600002222',10012002,0,240),('16600002222',10012003,0,1299),('16600002222',10012004,0,2219),('16600002222',10012005,0,1997),('16600002222',10012006,0,2303),('16600002222',10012007,0,182),('16600002222',10012008,0,2293),('16600002222',10012009,0,858),('16600002222',10012010,0,909),('16600002222',10012011,0,2124),('16600002222',10012012,0,377),('16600002222',10012013,0,2077),('16600002222',10012014,0,2301),('16600002222',10012015,0,2155),('16600002222',10012016,0,338),('16600002222',10012017,0,1706),('16600002222',10012018,0,345),('16600002222',10012019,0,398),('16600002222',10012020,0,94),('16600002222',10012021,0,1288),('16600002222',10012022,0,1815),('16600002222',10012023,0,593),('16600002222',10012024,1,111),('16600002222',10012025,0,1101),('16600002222',10012026,0,512),('16600002222',10012027,0,768),('16600002222',10012028,0,1684),('16600002222',10012029,0,1342),('16600002222',10012030,0,1975),('16600002222',10012032,0,1654),('16600002222',10012033,0,38),('16600002222',10012034,0,2019),('16600002222',10012035,0,1443),('16600002222',10012036,0,131),('16600002222',10012037,0,1187),('16600002222',10012038,0,1910),('16600002222',10012039,0,155),('16600002222',10012040,0,2255),('16600002222',10012041,0,1412),('16600002222',10012042,0,2230),('16600002222',10012043,0,1472),('16600002222',10012044,0,2175),('16600002222',10012046,0,239),('16600002222',10012047,0,1599),('16600002222',10012048,0,1799),('16600002222',10012049,0,2090),('16600002222',10012050,1,2071);
/*!40000 ALTER TABLE `sell_goods` ENABLE KEYS */;
UNLOCK TABLES;

--
-- Table structure for table `seller`
--

DROP TABLE IF EXISTS `seller`;
/*!40101 SET @saved_cs_client     = @@character_set_client */;
/*!40101 SET character_set_client = utf8 */;
CREATE TABLE `seller` (
  `seller_phone` char(11) NOT NULL,
  `seller_account` varchar(45) NOT NULL,
  `seller_address` varchar(45) NOT NULL,
  PRIMARY KEY (`seller_phone`),
  CONSTRAINT `seller_phone` FOREIGN KEY (`seller_phone`) REFERENCES `members` (`mem_phone`) ON DELETE CASCADE ON UPDATE CASCADE
) ENGINE=InnoDB DEFAULT CHARSET=utf8;
/*!40101 SET character_set_client = @saved_cs_client */;

--
-- Dumping data for table `seller`
--

LOCK TABLES `seller` WRITE;
/*!40000 ALTER TABLE `seller` DISABLE KEYS */;
INSERT INTO `seller` VALUES ('16600001111','nekomjx@qq.com','幻想乡'),('16600002222','nekomjx@qq.com','红魔馆');
/*!40000 ALTER TABLE `seller` ENABLE KEYS */;
UNLOCK TABLES;

--
-- Table structure for table `wishlists`
--

DROP TABLE IF EXISTS `wishlists`;
/*!40101 SET @saved_cs_client     = @@character_set_client */;
/*!40101 SET character_set_client = utf8 */;
CREATE TABLE `wishlists` (
  `wish_mem_phone` char(11) NOT NULL,
  `wish_goods_id` int(11) NOT NULL,
  PRIMARY KEY (`wish_goods_id`,`wish_mem_phone`),
  KEY `wish_mem_phone_fk_idx` (`wish_mem_phone`),
  CONSTRAINT `wish_mem_phone_fk` FOREIGN KEY (`wish_mem_phone`) REFERENCES `members` (`mem_phone`) ON DELETE CASCADE ON UPDATE CASCADE,
  CONSTRAINT `wish_to_goods` FOREIGN KEY (`wish_goods_id`) REFERENCES `goods` (`goods_id`) ON DELETE CASCADE ON UPDATE CASCADE
) ENGINE=InnoDB DEFAULT CHARSET=utf8;
/*!40101 SET character_set_client = @saved_cs_client */;

--
-- Dumping data for table `wishlists`
--

LOCK TABLES `wishlists` WRITE;
/*!40000 ALTER TABLE `wishlists` DISABLE KEYS */;
INSERT INTO `wishlists` VALUES ('16600001111',10000001);
/*!40000 ALTER TABLE `wishlists` ENABLE KEYS */;
UNLOCK TABLES;
/*!40103 SET TIME_ZONE=@OLD_TIME_ZONE */;

/*!40101 SET SQL_MODE=@OLD_SQL_MODE */;
/*!40014 SET FOREIGN_KEY_CHECKS=@OLD_FOREIGN_KEY_CHECKS */;
/*!40014 SET UNIQUE_CHECKS=@OLD_UNIQUE_CHECKS */;
/*!40101 SET CHARACTER_SET_CLIENT=@OLD_CHARACTER_SET_CLIENT */;
/*!40101 SET CHARACTER_SET_RESULTS=@OLD_CHARACTER_SET_RESULTS */;
/*!40101 SET COLLATION_CONNECTION=@OLD_COLLATION_CONNECTION */;
/*!40111 SET SQL_NOTES=@OLD_SQL_NOTES */;

-- Dump completed on 2020-12-11 21:27:33
